,MBID,#1 Most Used Bpm,Percentage of 1st,#2 Most Used Bpm,Percentage of 2nd,Total # Duplicates
1,003304eb-5bb9-498e-8185-c6b220e75692,112.0,78.7878787879,Nan,Nan,33
2,0035d310-3bfc-46c7-9cb7-93e77dd5e171,97.0,100.0,Nan,Nan,32
3,0069c0f7-9274-4b4b-a10e-110b90a4bcc0,156.0,50.0,162.0,26.190476190476193,42
4,00c47ea6-3a10-4a32-b1f1-990ac756c6a0,126.0,100.0,Nan,Nan,36
5,00e37446-2e4c-409a-a8a1-ed94f1b01a57,123.0,91.4893617021,Nan,Nan,94
6,00e80381-2362-485c-aa47-942ff63f0ac0,172.0,81.3953488372,87.0,11.627906976744185,43
7,01471832-f446-43b9-be53-ce344c0c5134,79.0,100.0,Nan,Nan,35
8,0151d8a4-50c8-4036-b824-4a4f4b140e8e,108.0,43.0555555556,156.0,13.88888888888889,72
9,015d8824-bf10-4878-bf54-5830d1d7c587,105.0,100.0,Nan,Nan,32
10,01bffd8a-59c8-451b-b79c-600b416ac1af,172.0,100.0,Nan,Nan,37
11,01c2ce15-bc8b-4629-825d-03d0f24d90bb,172.0,45.9459459459,110.0,8.108108108108109,37
12,02011500-814c-461c-b3a6-f24fe68ee5a1,100.0,100.0,Nan,Nan,42
13,0228afad-4f8d-4502-95da-3288347f67e1,164.0,100.0,Nan,Nan,37
14,02690387-dbd9-4d24-bbf5-1d2d7ca103ac,137.0,100.0,Nan,Nan,45
15,028efe7f-cdfb-4135-846f-848f2fff15b1,136.0,95.2380952381,Nan,Nan,42
16,02d807d4-ff48-49e0-afbd-4552a688a7a1,135.0,98.1481481481,129.0,1.8518518518518516,54
17,02d9abc4-0731-4770-8c77-06d099c425eb,99.0,97.8260869565,Nan,Nan,46
18,03cc8612-0a03-416f-9b49-cde52cfd8762,172.0,97.0588235294,130.0,2.941176470588235,34
19,04233db6-f991-4fb2-bef9-813f95a0bf30,102.0,100.0,Nan,Nan,37
20,0432a2b7-614b-4389-b4fd-44ecdaddc84f,126.0,94.4444444444,Nan,Nan,54
21,048e135c-204d-4d77-8e6a-203920768e4f,136.0,61.6666666667,94.0,11.666666666666666,60
22,049fd1a2-9f5d-4af3-91b1-ab8e20618b7e,84.0,100.0,Nan,Nan,34
23,04c89e17-246b-4bbe-a72a-551d6f5d892d,124.0,92.5,129.0,7.5,40
24,04f96056-91ac-4b64-af89-24c596013f05,137.0,100.0,Nan,Nan,33
25,053d552a-1718-42d0-82e8-2fdcc2d5b30e,155.0,100.0,Nan,Nan,42
26,05833d73-e1e0-4d69-a00b-a586f8ffb3b6,121.0,72.5,172.0,10.0,80
27,05d6e89e-54cf-45a0-a25f-e79156d00664,151.0,88.8888888889,Nan,Nan,63
28,0613aa58-5a5a-4d13-94fd-7f1c8bef1fb1,153.0,66.6666666667,104.0,30.303030303030305,33
29,062f1c9f-564c-4eb7-9baf-b8944cd17ad3,87.0,17.6470588235,135.0,11.76470588235294,34
30,0660bd9d-a865-43f4-8ade-53fcf6c371de,130.0,84.375,86.0,15.625,32
31,0678c7b3-9023-43da-ba62-ef60d8b3a298,165.0,100.0,Nan,Nan,37
32,0681520a-6499-4cb8-91aa-7df5dfafea2e,155.0,15.0943396226,82.0,9.433962264150944,53
33,07689d4c-540d-4518-9a41-52931b7f061f,155.0,100.0,Nan,Nan,35
34,07b720fc-0d6f-4342-a6df-876d1749de0b,120.0,100.0,Nan,Nan,32
35,07c9f1a8-c11f-460e-b8ae-99081f6f6094,125.0,97.3684210526,Nan,Nan,38
36,0843617e-41db-44fa-92a3-53101416f81e,103.0,96.9696969697,Nan,Nan,66
37,084a24a9-b289-4584-9fb5-1ca0f7500eb3,137.0,97.3684210526,123.0,2.631578947368421,38
38,0852f01a-1832-453d-ae8e-345499ecc027,97.0,100.0,Nan,Nan,47
39,0854f0dc-fde5-4272-9ab7-a7be136f4449,113.0,100.0,Nan,Nan,38
40,08a20554-d803-4fd0-80cf-ee361422f9ad,115.0,100.0,Nan,Nan,34
41,08a5cc77-ce79-4875-859e-8c3d172a6d17,116.0,100.0,Nan,Nan,32
42,0912dae6-6fc4-4866-a8e7-414ba4d4ebe8,103.0,86.6666666667,152.0,8.88888888888889,45
43,09bb4e39-692e-4685-893b-8dad0bbcf549,148.0,100.0,Nan,Nan,36
44,09c89a4b-248c-4f98-ac3e-860f8e95dcd9,123.0,97.2972972973,Nan,Nan,37
45,0a5dfc89-8fd3-4c2c-9876-32d6658e5dbf,166.0,82.9787234043,Nan,Nan,47
46,0acb0673-9a26-4d0b-ad8b-14cc9dfea7ab,178.0,97.2222222222,90.0,2.7777777777777777,36
47,0acc282b-c4db-44b2-a6ae-3c037fa3255a,93.0,100.0,Nan,Nan,36
48,0b095f1f-4927-4b86-a2f7-a1b1abf5bac7,148.0,97.8723404255,164.0,2.127659574468085,47
49,0b778271-1901-472c-95fa-8996535e4c8f,122.0,100.0,Nan,Nan,33
50,0ba72f0d-70ae-4655-94d9-c1069b5abcfb,87.0,100.0,Nan,Nan,33
51,0bc0d92b-5b30-4f51-9da0-6164bbf7f448,166.0,100.0,Nan,Nan,39
52,0c3269ab-d068-4582-9e24-8da95bb40b7b,83.0,94.8717948718,Nan,Nan,39
53,0c871a4a-efdf-47f8-98c2-cc277f806d2f,148.0,100.0,Nan,Nan,40
54,0ca12a54-b5b1-4029-b4eb-4824eb210845,119.0,100.0,Nan,Nan,36
55,0cdc9b5b-b16b-4ff1-9f16-5b4ba76f1c17,137.0,63.6363636364,92.0,12.121212121212121,33
56,0d16494f-2ba4-4f4f-adf9-ae1f3ee1673d,140.0,86.6666666667,Nan,Nan,45
57,0d24a997-5cf8-4629-8900-db1feda33ece,145.0,97.2222222222,Nan,Nan,36
58,0d4800dc-0e53-4d85-90e1-a4a316e47b8e,77.0,100.0,Nan,Nan,41
59,0db59faa-763a-4c97-b881-0e0a021b1748,111.0,20.3389830508,156.0,18.64406779661017,59
60,0e04d324-4710-422e-8a4a-1d7362caa5ad,185.0,100.0,Nan,Nan,35
61,0e1029f5-6be8-4cbb-ac73-2323d240558e,162.0,61.1940298507,135.0,8.955223880597014,67
62,0e5f1add-c943-49a0-b824-169e7f7b82da,88.0,100.0,Nan,Nan,32
63,0e744e3a-4fe4-4172-a2e2-f8de9e7bf3a8,121.0,97.8723404255,Nan,Nan,47
64,0fb5b80f-7132-418c-88fd-0b34a01bac03,165.0,100.0,Nan,Nan,50
65,0fded65a-60dc-4ebd-9587-639c921176fb,126.0,100.0,Nan,Nan,34
66,104972d9-3789-41b8-bb81-a63b077449ef,127.0,100.0,Nan,Nan,36
67,10763eef-00fe-4ed4-80b5-7e789cbeec72,129.0,100.0,Nan,Nan,39
68,107647c9-a30a-4a7d-af12-2555999310b2,152.0,88.5714285714,146.0,5.714285714285714,35
69,107c5e33-547b-4cfb-b326-59023c369c4a,111.0,31.25,126.0,15.625,64
70,10ba9e37-682a-4472-b4ea-9243b1a30db2,124.0,98.0392156863,Nan,Nan,51
71,10d1062a-7275-458f-ad0d-906eeaa22c57,172.0,65.625,129.0,12.5,32
72,10ea46dd-2cf9-4837-8642-e838ff406fa9,172.0,78.3783783784,85.0,16.216216216216218,37
73,120ac468-4409-4632-bf59-6c0d9e06e0da,163.0,100.0,Nan,Nan,33
74,120bdf8e-c760-4aaf-8e34-ddd1ab3be504,96.0,100.0,Nan,Nan,33
75,122ba116-1b78-4d27-886b-d394077761a2,91.0,100.0,Nan,Nan,43
76,12591238-4498-4d0c-9fd8-e6f0f643d582,115.0,100.0,Nan,Nan,38
77,125c117d-a7a1-4dc4-a609-67f31eb11613,119.0,100.0,Nan,Nan,38
78,13075131-64d3-447d-9c98-cd3e06afffda,142.0,84.9056603774,132.0,11.320754716981133,53
79,13dd61c7-ce73-4e97-9f0c-9f0e53144411,152.0,80.3921568627,Nan,Nan,51
80,13ef609a-ceb6-44c5-b1cd-6ed05b8948cf,90.0,100.0,Nan,Nan,33
81,1441e9d7-2704-485d-bf8c-cc902fa01ad8,103.0,100.0,Nan,Nan,34
82,145f5c43-0ac2-4886-8b09-63d0e92ded5d,136.0,87.5,Nan,Nan,32
83,14aa051a-051f-4faf-8a08-ed46dc32c65b,120.0,100.0,Nan,Nan,35
84,15127932-c879-466e-b0f8-a1c5022d16e7,86.0,52.3076923077,172.0,40.0,65
85,15afd3be-63c8-4f70-b701-0b1832101fd3,92.0,99.1071428571,Nan,Nan,112
86,15b32a80-3965-4061-80c4-894e13d99735,96.0,91.3043478261,Nan,Nan,46
87,15f16efc-8762-4151-95ab-c12d06268640,164.0,100.0,Nan,Nan,43
88,16008d76-c2ad-408c-b0c6-ee18af1ed18e,125.0,97.3684210526,Nan,Nan,38
89,1615f600-2a50-4299-8cb7-3c5d524d7e60,132.0,97.2972972973,146.0,2.7027027027027026,37
90,1674d24d-8b74-4e65-94e5-e38527f593a9,124.0,86.1538461538,Nan,Nan,65
91,167b224b-596f-4a57-a405-08bfee59df59,147.0,97.6744186047,Nan,Nan,43
92,16d2c90d-d688-4465-bb76-4a9e94b80729,100.0,86.8852459016,121.0,6.557377049180328,61
93,16edd1d5-d63a-40e6-ad00-c38b3fc1d998,102.0,81.8181818182,110.0,9.090909090909092,44
94,17416564-fb6e-471c-a4ad-0bfc45292cd9,115.0,17.6470588235,112.0,14.705882352941178,34
95,17aef4b4-b73b-4d9b-810e-5f0989b50ae5,94.0,88.0,Nan,Nan,75
96,17c75743-6fc2-4c72-8152-25c5b45dfea7,148.0,95.3488372093,74.0,4.651162790697675,43
97,17f804ab-9933-4d74-95db-ecefe2554412,164.0,70.4545454545,155.0,15.909090909090908,44
98,18027ae5-23ad-4e61-8474-36cb1c314741,172.0,63.1578947368,166.0,22.807017543859647,57
99,183bd03c-1225-4cc3-9746-6b1c50d24586,145.0,100.0,Nan,Nan,34
100,18e66faf-9df4-4c8c-9a51-ca4ca4ba21fc,178.0,72.5490196078,172.0,15.686274509803921,51
101,1958bd1f-dd0c-4a37-b9d2-0ea947ec78dc,123.0,100.0,Nan,Nan,33
102,1981c7d2-6c89-4c53-935a-890d937159b9,92.0,87.8787878788,Nan,Nan,33
103,1a13c710-4b7e-4701-8968-cd61f2e58110,118.0,100.0,Nan,Nan,42
104,1a4697b2-9f93-41ca-9f6e-dd5fe26d9754,105.0,100.0,Nan,Nan,63
105,1a8017f5-7400-48a4-b7ce-24aa89b91c05,90.0,96.9696969697,102.0,3.0303030303030303,33
106,1a8b5f7c-58ed-4757-a8d3-47bf7f77a32f,163.0,100.0,Nan,Nan,33
107,1a915a2d-e2f4-4300-a230-96fc9c8a7b60,125.0,89.0909090909,Nan,Nan,55
108,1be4459a-4bda-4530-bf8e-421fdddbdbfc,127.0,97.3684210526,Nan,Nan,38
109,1bfc064e-fcd0-406b-98ca-1ec69f72fef6,152.0,98.1818181818,Nan,Nan,55
110,1c0377bb-c00b-4bbe-b4b2-615f13324adc,124.0,100.0,Nan,Nan,33
111,1c398e28-a63d-4c25-813b-ef9a96aadacb,138.0,100.0,Nan,Nan,42
112,1c7e1f6e-be0d-4d13-998a-75236bd3b47c,88.0,100.0,Nan,Nan,48
113,1cb18dc9-6d27-4ffb-b2bd-13c58c865286,141.0,100.0,Nan,Nan,39
114,1cb233e4-bd40-488e-b20b-1ff88cb9d27e,133.0,92.8571428571,Nan,Nan,42
115,1d80507f-2abe-41d9-9e6f-35972f658731,140.0,100.0,Nan,Nan,37
116,1d9cf833-830d-46a9-a031-f17a720d3b73,164.0,92.4528301887,Nan,Nan,53
117,1ddba7e6-0e4c-432f-a82c-25bb92a0ce9a,136.0,32.5,143.0,12.5,40
118,1dfbcfbe-26b9-4a88-9c8d-a778f68d0059,108.0,100.0,Nan,Nan,35
119,1e1d1f33-346c-4f9a-ad05-03aa715c2f37,118.0,45.0704225352,Nan,Nan,71
120,1e35bde3-37bd-431d-916a-c364e6440446,163.0,93.3333333333,0.0,2.666666666666667,75
121,1e3668b5-3053-40f7-8bda-0ba987b37cbe,153.0,97.6744186047,Nan,Nan,43
122,1e55b30d-74ad-446a-af99-2f8d069de8af,95.0,100.0,Nan,Nan,38
123,1e584d84-d0c8-4448-9b06-114717044c2e,148.0,100.0,Nan,Nan,33
124,1e7a3b6f-c3a4-458e-a962-f1e7de2babc6,134.0,100.0,Nan,Nan,33
125,1e99e493-d3e6-40e9-91d7-7644224b4890,96.0,97.5,127.0,2.5,40
126,1ebfca60-df29-4035-9d09-e0385d84ff55,129.0,92.5925925926,Nan,Nan,54
127,1ec5ea31-99ec-4c12-851a-058749ad8319,147.0,100.0,Nan,Nan,68
128,1ece1d78-2ad4-4276-bf1c-a7fb66be6408,96.0,100.0,Nan,Nan,34
129,1f518811-7cf9-4bdc-a656-0958e130f312,122.0,95.5555555556,Nan,Nan,45
130,1f8f65bf-c289-454d-a46c-700b393ea3bf,148.0,76.5957446809,145.0,7.446808510638298,94
131,2042ce91-f5fe-4fce-b451-b3354843b193,126.0,97.0588235294,Nan,Nan,34
132,208b91ec-3f23-40dd-a815-698061635a34,155.0,100.0,Nan,Nan,67
133,20919a48-4ad5-409c-b639-8db7ca9f9e7a,139.0,100.0,Nan,Nan,35
134,20999e3e-b964-4d66-b7c2-660fc45178bb,139.0,100.0,Nan,Nan,32
135,21047249-7b3f-4651-acca-246669c081fd,110.0,100.0,Nan,Nan,36
136,211d1b7e-788e-45e9-b003-9f5b6e1511ef,151.0,74.2424242424,Nan,Nan,66
137,2125520e-24a2-408b-823c-c227a387577c,132.0,52.6315789474,144.0,44.73684210526316,38
138,2205ee93-7624-4ca6-91b6-9a099cf4baab,156.0,100.0,Nan,Nan,35
139,22337e71-0bf8-4fa9-86eb-2f8e7e085474,123.0,56.25,120.0,34.375,32
140,226bdd2d-aeda-4ea3-adbb-7da95c3d4b06,120.0,100.0,Nan,Nan,66
141,22a45a14-f464-4a18-9f19-8a3d47deb1d7,95.0,84.6153846154,119.0,15.384615384615385,39
142,22d49305-4e35-4a69-8638-05ac5f734065,163.0,100.0,Nan,Nan,56
143,2368021a-9adf-4ee5-980c-b26f3ab336ea,138.0,100.0,Nan,Nan,37
144,239e517c-03e8-4291-9478-66c2cc936f0c,81.0,98.0,Nan,Nan,50
145,23b342d3-1f0b-4a0b-a419-d873cec3b259,128.0,100.0,Nan,Nan,40
146,23c3c36b-9449-4484-9040-6ef2125999aa,137.0,63.2653061224,Nan,Nan,49
147,2423ca5e-99d3-4b49-be53-542e6ee38a82,122.0,100.0,Nan,Nan,33
148,2438d03e-c7a9-4876-be5b-ad260bc5c027,135.0,100.0,Nan,Nan,55
149,245329cb-8cdb-43ba-8fe4-0b3e1aad8761,139.0,98.2142857143,Nan,Nan,56
150,2464fb11-eda1-4bd6-86c5-796ce5ffd525,85.0,100.0,Nan,Nan,42
151,248cc9d1-97ea-493e-84d4-4c5ec718683b,120.0,51.3513513514,Nan,Nan,37
152,24cc8311-98fd-423a-bed1-97728f5eabc5,120.0,90.0,140.0,4.0,50
153,251f6d72-a1d9-4b9d-944a-2df9b26f6212,123.0,100.0,Nan,Nan,44
154,258b87aa-4521-4798-955c-8d86250a1246,133.0,100.0,Nan,Nan,32
155,25bbbd76-5f48-4b37-9722-44a346c4f3a9,136.0,100.0,Nan,Nan,53
156,26b57ded-d5bd-42f8-a440-d8fd5b48c6c2,115.0,96.875,Nan,Nan,32
157,27089139-92c0-499c-9597-c66c9b11bdfd,133.0,100.0,Nan,Nan,35
158,27c4755a-7299-49a6-8e46-227eb4ebf575,106.0,96.3636363636,Nan,Nan,55
159,27f19d5f-a9dc-4b04-b7ff-54d045c1487c,95.0,100.0,Nan,Nan,33
160,27f5b46c-f749-40e7-bc10-1524393168f0,132.0,39.6226415094,Nan,Nan,53
161,2822a034-283d-4082-8464-6189ff29fbb9,89.0,100.0,Nan,Nan,39
162,2839213e-a320-4ea7-bf66-5207d244013c,143.0,100.0,Nan,Nan,39
163,283b8e7f-3570-4d20-97b7-5e8a762bc661,155.0,100.0,Nan,Nan,35
164,291758ed-60eb-4192-92af-367b1c754745,97.0,88.3720930233,Nan,Nan,43
165,294a1b4d-ebc0-4b03-be25-6171d382cb58,89.0,66.1016949153,178.0,28.8135593220339,59
166,29526234-2eb5-4be4-93c0-d290cb9001e7,90.0,100.0,Nan,Nan,41
167,295e74ce-bf10-49d0-a72e-0d525ec4baee,99.0,100.0,Nan,Nan,41
168,297565c9-82f1-4eae-82bf-6dad231f6710,83.0,100.0,Nan,Nan,34
169,29fba82a-3a79-484d-9595-251745359ee6,133.0,79.6610169492,Nan,Nan,59
170,2a13b05f-52f4-4a42-ad70-9908c4c68764,122.0,100.0,Nan,Nan,33
171,2a220770-1150-4190-b0e0-57d89a0a7469,129.0,100.0,Nan,Nan,35
172,2a5c6d93-f153-44e5-b747-2bd7b5156212,107.0,100.0,Nan,Nan,37
173,2ae8860b-b3e3-403a-88c2-b4f2cc2b76c7,117.0,100.0,Nan,Nan,39
174,2afa76b8-7857-40dc-97a8-2c6f457becb4,109.0,100.0,Nan,Nan,36
175,2b8c691e-f669-4571-b78a-07ef47963dbf,147.0,97.0588235294,Nan,Nan,34
176,2bd94ef0-2295-469c-aaf5-9e2bee4f4814,108.0,100.0,Nan,Nan,47
177,2c718ee9-ad54-4016-ae43-e8df5ea1b4e1,129.0,97.0588235294,116.0,2.941176470588235,34
178,2ca91246-15ab-48e3-92cd-2f2f9affd173,91.0,100.0,Nan,Nan,35
179,2cb12f44-7e95-40db-8b7e-b34e97a3bc26,135.0,48.5714285714,Nan,Nan,35
180,2d1201cf-59bb-4ffa-9f52-f5b3afa13346,148.0,97.619047619,Nan,Nan,42
181,2d40c8b2-7524-49e3-af44-ebb924c5b023,144.0,100.0,Nan,Nan,45
182,2d9a5b40-f5e6-4499-ab7a-567fe3b42ab9,108.0,96.9230769231,Nan,Nan,65
183,2dacc772-bff6-4347-a586-8bff3a7d7c79,139.0,96.875,178.0,3.125,32
184,2db8cd35-6fa7-4b4b-8093-eef0550a81e6,143.0,97.619047619,Nan,Nan,42
185,2dee8cd9-9d41-4628-9dcc-c9dea3f807a4,129.0,100.0,Nan,Nan,35
186,2df46dec-b453-4444-91b9-5fa5d7515fd9,133.0,100.0,Nan,Nan,32
187,2e31e4c7-8670-4470-b667-a27f78229126,133.0,90.6976744186,Nan,Nan,43
188,2e3af7de-3f9c-4a2d-a28f-10c2edd13c49,133.0,87.1794871795,117.0,12.82051282051282,39
189,2eb16581-560c-4a4d-82af-6f33e38fffad,153.0,100.0,Nan,Nan,39
190,2f84eca9-325e-4bb6-8a45-32c1ccc12d08,121.0,82.3529411765,132.0,7.352941176470589,68
191,2fb4b45f-6988-47a0-9ae1-4eb90b020313,114.0,100.0,Nan,Nan,39
192,2ff06d14-7e70-4713-94e9-5fb44de6f036,145.0,100.0,Nan,Nan,53
193,3022dd1a-5c9e-4442-89a0-92980d843b6d,133.0,100.0,Nan,Nan,49
194,30624418-169b-4007-9b50-27414a63f5de,79.0,57.8947368421,155.0,26.31578947368421,38
195,30841396-8af3-4d8f-99a4-8c8bfd8f8d11,162.0,97.0588235294,80.0,2.941176470588235,34
196,31274d55-9619-428e-a8a1-aabaed124c51,110.0,96.875,95.0,3.125,32
197,3160d5d2-b76e-4c31-b041-c91ce2aa9f05,143.0,97.5,Nan,Nan,40
198,31c89fdc-afdb-4d84-bc61-2dbabf0b4f23,142.0,100.0,Nan,Nan,47
199,320e9507-d967-4964-a734-a72df6194b90,126.0,27.5,143.0,17.5,40
200,32c7e292-14f1-4080-bddf-ef852e0a4c59,150.0,92.8571428571,Nan,Nan,42
201,32df1485-7232-4447-8352-01033adb213a,113.0,100.0,Nan,Nan,65
202,331c8d46-0fa2-467f-8584-bd7b310be97e,136.0,56.25,Nan,Nan,32
203,33b9b9fd-15a1-4e1f-a10a-3d15df5e58f0,163.0,100.0,Nan,Nan,38
204,33b9f733-cd53-4535-9dad-d48aff31aed4,148.0,97.4358974359,Nan,Nan,39
205,3426c118-cef9-42ea-8ea6-e6e4598cfc45,164.0,62.7906976744,94.0,18.6046511627907,43
206,34310138-b423-4ef7-a914-7972cee6a3d3,129.0,89.2307692308,Nan,Nan,65
207,3451489e-ea50-4e4e-9043-df1e30ce37b5,90.0,100.0,Nan,Nan,33
208,34fb9601-7ab7-4f32-9a64-702460946c4c,139.0,35.2941176471,135.0,11.76470588235294,34
209,352dd518-23cd-4c5a-9551-ba02097b177b,154.0,100.0,Nan,Nan,34
210,3566e453-8f10-4a45-ac85-2c72eb183ca1,110.0,100.0,Nan,Nan,33
211,35e2412a-9847-43c2-b4b3-e250df059716,143.0,94.7368421053,Nan,Nan,57
212,36412709-35b6-4e7c-8488-ed7f6fa0140b,152.0,95.7446808511,Nan,Nan,47
213,36d2430a-d115-491f-87da-16f1a1cad152,109.0,97.0588235294,Nan,Nan,34
214,36f39793-ee3b-4b7b-821c-f55638ee5027,117.0,100.0,Nan,Nan,32
215,370a5c84-1874-4519-b216-257766f52c08,103.0,100.0,Nan,Nan,41
216,3752e069-27a6-4819-99d5-11aec26d90a7,136.0,100.0,Nan,Nan,40
217,375fdbaa-e23a-4110-9ffc-7cca68416926,136.0,98.2142857143,140.0,1.7857142857142856,56
218,37904f52-5381-4afa-a7a9-b49f408d6d33,134.0,100.0,Nan,Nan,36
219,3794be20-3b5c-41e8-99d5-1d5649fe3821,129.0,91.4285714286,Nan,Nan,35
220,37ab16cb-ec9c-4d72-97ed-03962edd991f,133.0,100.0,Nan,Nan,39
221,38e1aadb-c9c5-4e58-9e08-3bb9626dd0fb,92.0,96.9696969697,Nan,Nan,33
222,3931e32f-debc-423a-8e1e-91d058f7dd1f,139.0,100.0,Nan,Nan,33
223,393d84ef-cfd1-4b75-9b8d-900eddd309cf,143.0,100.0,Nan,Nan,39
224,39642b23-2c49-47f4-851f-b128c4df48c2,137.0,100.0,Nan,Nan,45
225,3a202cc2-85f2-4aa5-bdf3-f200847d5e71,133.0,97.1428571429,Nan,Nan,35
226,3b153110-f6d0-467b-895c-176d26d62b2c,140.0,100.0,Nan,Nan,36
227,3b2896f7-6f78-4beb-94b9-07c34c33729f,150.0,100.0,Nan,Nan,38
228,3badc834-a683-4fca-920b-cd5658e6fa47,96.0,100.0,Nan,Nan,35
229,3bbeb4e3-ab6d-460d-bfc5-de49e4251061,127.0,100.0,Nan,Nan,34
230,3be16bf7-5216-419d-ac99-bdbcdeedd00a,165.0,100.0,Nan,Nan,33
231,3bfda26a-49fa-4bc4-a4d6-8bbfa0767ab7,126.0,100.0,Nan,Nan,34
232,3c06e51b-b030-4ddc-b4e2-5137706800c1,97.0,100.0,Nan,Nan,37
233,3c59786e-10ff-4f5a-8378-4856767783e3,140.0,95.8333333333,Nan,Nan,48
234,3cef10d5-792d-4b00-923b-722ff5d5021c,120.0,96.9696969697,108.0,3.0303030303030303,33
235,3d4edbbd-8cd1-4c8a-be02-d19ded65e00f,98.0,78.125,129.0,15.625,32
236,3d625288-6616-490a-a1a5-4c73ddabad18,143.0,100.0,Nan,Nan,39
237,3d7f2000-123d-4cac-862b-e04ead24c5f2,134.0,100.0,Nan,Nan,35
238,3d953e11-c417-4034-a5d1-d0f41405337e,81.0,94.5945945946,132.0,2.7027027027027026,74
239,3dabfc40-33b4-4dba-8d94-79e77c4d1448,144.0,100.0,Nan,Nan,36
240,3e0cc204-4d17-484f-bec3-7c2a9727db36,141.0,100.0,Nan,Nan,49
241,3e19df7a-3f9a-4d42-adbf-31867646f602,123.0,97.1428571429,Nan,Nan,35
242,3e963c34-06d2-4a32-93d8-bd03e98d5e81,117.0,88.6363636364,96.0,9.090909090909092,44
243,3eb7efbb-8717-4034-a698-109c70798524,131.0,100.0,Nan,Nan,52
244,3f178c54-1cd7-4617-8a62-f9d86f499eaa,172.0,79.4117647059,155.0,8.823529411764707,34
245,3f5647db-6f12-4c36-94ea-2d06f2c7e8f9,154.0,100.0,Nan,Nan,34
246,3f60ae01-43cc-4db9-86ec-97b79f83764f,123.0,100.0,Nan,Nan,73
247,3ffa5562-21a4-4ea1-9b3d-1b28c895fc4f,110.0,56.7567567568,146.0,37.83783783783784,37
248,403d7903-a472-4a7d-887a-5d3c6482fe9c,100.0,100.0,Nan,Nan,34
249,40a43f5e-d4f4-4253-a42d-364d47208c64,90.0,69.6629213483,Nan,Nan,89
250,40c458c5-6416-4416-87d5-173ed4714d28,93.0,100.0,Nan,Nan,34
251,40f04250-6d23-4f88-902c-94ef1a1dd3ed,119.0,92.0,111.0,6.0,50
252,4112acb8-7ac0-4047-9c02-6e02226003e7,118.0,100.0,Nan,Nan,34
253,4131e00c-13c5-4f92-a2ff-73c2edaf420c,109.0,43.75,Nan,Nan,32
254,41586ae8-d018-4ac7-8c9b-096feaa3d03f,117.0,38.7755102041,114.0,26.53061224489796,49
255,416b0e1a-3bb5-4bf4-b01b-0183995e48ed,72.0,93.9393939394,143.0,3.0303030303030303,33
256,41a2cac5-8b8f-4b51-8046-9ee8639015fa,138.0,100.0,Nan,Nan,36
257,41e8b7d6-ad5c-47d7-a72d-290f4e2d1959,147.0,100.0,Nan,Nan,36
258,424c10aa-a857-4dc6-872e-2a8fb0b707f3,127.0,96.875,130.0,3.125,32
259,429f0b1a-0293-4793-993b-0bb5f73567f2,137.0,89.0625,Nan,Nan,64
260,42b205b0-7f27-4d3d-a33f-9a7cbf9a33f7,132.0,100.0,Nan,Nan,32
261,430aa3d3-3dac-4bd5-857d-eb10212ffefb,127.0,75.0,Nan,Nan,32
262,43a8d041-d666-4b14-807a-5ac0df35a69a,96.0,97.619047619,Nan,Nan,42
263,440f60e8-0b25-4ec4-abb1-c6beec624ab0,115.0,100.0,Nan,Nan,38
264,44135d7f-f5d6-4ef9-8518-ed11f5b705e7,129.0,87.0,178.0,7.000000000000001,100
265,4416d38e-0f68-4c75-93b9-c1a793fccb49,91.0,97.6744186047,95.0,2.3255813953488373,43
266,44c3ead8-c238-4d1b-be18-c48fe828135b,95.0,100.0,Nan,Nan,45
267,453f8ecf-e853-45ec-8335-d240a15cd75f,114.0,73.3333333333,Nan,Nan,45
268,455d02a2-4e66-4333-9057-8150b4a70477,80.0,94.2857142857,162.0,5.714285714285714,35
269,4603cc1a-a8e5-4a12-baa4-51f12df0942f,94.0,15.1515151515,185.0,15.151515151515152,33
270,468c6f6f-4e68-494a-adac-96aebc754923,121.0,96.4912280702,Nan,Nan,57
271,46c7368a-013a-47b6-97cc-e55e7ab25213,135.0,86.4406779661,Nan,Nan,59
272,46d6ebba-8d3f-4600-a2a3-9eab4713458d,129.0,100.0,Nan,Nan,37
273,470d06f8-6c0c-443d-b521-4c4eed9f0e7e,89.0,100.0,Nan,Nan,32
274,471dc436-80be-4f06-bc8f-7e2685876cfc,96.0,86.3636363636,Nan,Nan,44
275,4741ce2a-636c-4eaa-9507-eb1c37ad9c5d,120.0,85.7142857143,Nan,Nan,42
276,474546e9-0b30-4881-9269-c6c1c8bbf07b,112.0,90.0,Nan,Nan,40
277,47b02a82-c3bf-4647-b894-dd1c8f608e7f,178.0,92.5,0.0,2.5,80
278,47eaab1a-667b-490d-8094-168e7d0d9ad1,103.0,100.0,Nan,Nan,43
279,485bbe7f-d0f7-4ffe-8adb-0f1093dd2dbf,114.0,98.0769230769,100.0,1.9230769230769231,52
280,48cfc6cc-cb22-493c-b5c7-75fdcecd4a6a,165.0,96.4601769912,172.0,1.7699115044247788,113
281,48f29b17-13d6-432a-ae38-1e60d4243506,100.0,100.0,Nan,Nan,34
282,49150aa6-2f72-4c95-9247-130d5046e827,108.0,97.0588235294,Nan,Nan,34
283,4934b8fe-e00f-42bc-9b3b-92e42b34169d,134.0,76.4705882353,Nan,Nan,51
284,497f727d-e5c5-461c-a829-00ccc75b6993,144.0,61.7021276596,152.0,14.893617021276595,47
285,49af3ae2-a738-4e2c-8801-f607098b380b,135.0,97.5,172.0,2.5,40
286,4a7fea2e-545b-4c63-bc9a-9943cc3a29d7,115.0,95.0819672131,121.0,3.278688524590164,61
287,4bad78ec-2f45-43fd-892e-311798774d58,166.0,100.0,Nan,Nan,45
288,4c092c9f-dc09-4336-b903-b1e926ae07b1,98.0,100.0,Nan,Nan,38
289,4c2a08bd-26df-4e68-835a-5bc8ff9bcf8a,151.0,80.0,156.0,7.5,40
290,4ce20795-0558-4302-943a-7f621f49aad6,136.0,100.0,Nan,Nan,46
291,4d23c548-d658-4d05-864d-37147fc28016,143.0,94.4444444444,Nan,Nan,36
292,4d6e2a09-fb4a-41f0-ba67-3efdff16b0d6,127.0,46.6666666667,123.0,22.22222222222222,45
293,4d7b8fcb-fafc-4416-9170-752f12e10a2e,115.0,100.0,Nan,Nan,34
294,4d8ca8d4-6254-4967-b4db-53e5844e79d0,156.0,100.0,Nan,Nan,38
295,4dbf0a1f-f823-4e6f-b435-0b85e9e1e5a4,156.0,100.0,Nan,Nan,42
296,4dd209b9-80fd-4e11-8093-3bab2db810fc,129.0,97.4358974359,Nan,Nan,39
297,4dfac6ae-8804-4c58-ae92-ec324b2db01f,162.0,100.0,Nan,Nan,48
298,4e0d8649-1f89-44f3-91af-4c0dbee81f28,138.0,73.6842105263,Nan,Nan,38
299,4e1083c3-b577-48e9-9a56-7bbbcbb1d6e7,150.0,100.0,Nan,Nan,35
300,4e4a5947-a6e5-4091-9b42-f7e9ba387c1b,117.0,88.5714285714,Nan,Nan,35
301,4e5f16e7-330e-4459-aa30-71a7aabac392,89.0,100.0,Nan,Nan,35
302,4eb581fa-4080-4b0b-9ef0-2c8720c02190,153.0,100.0,Nan,Nan,37
303,4ed9a62a-2bf5-4744-ba1b-9a23f27e06c7,133.0,100.0,Nan,Nan,48
304,4ee2ff88-ac68-4dee-9f7f-da99f6600415,125.0,100.0,Nan,Nan,53
305,4f063cd8-1c74-4ef1-8d68-236123ef6438,133.0,100.0,Nan,Nan,33
306,4f2dee49-a3cf-4101-abbc-f98eb11422cc,130.0,100.0,Nan,Nan,60
307,4f365369-153b-4b08-9516-20ff5850908f,103.0,100.0,Nan,Nan,36
308,4f515654-052b-4631-8a78-57ea362cd18a,128.0,74.358974359,Nan,Nan,39
309,4f519610-8e08-4500-81c5-42f41bf4b882,137.0,87.2340425532,Nan,Nan,47
310,4f90fe5e-da94-43c9-9ed0-a9a2c9259fee,88.0,100.0,Nan,Nan,34
311,50369905-68ca-48d2-912d-b37330ff7dc3,91.0,100.0,Nan,Nan,36
312,506ae263-7f46-47b7-9e83-055505cfb279,148.0,100.0,Nan,Nan,34
313,5098d0a8-d3c3-424e-9367-1f2610724410,117.0,92.1052631579,178.0,7.894736842105263,38
314,5118f7b4-eafc-491a-9158-ee646dff2236,103.0,81.8181818182,Nan,Nan,66
315,5199acad-fac9-4fd8-8bd2-948ff8ca7b41,113.0,89.1891891892,122.0,4.054054054054054,74
316,51a78bee-4ef0-4b5b-96ea-f2878f3d7993,143.0,100.0,Nan,Nan,35
317,51b4875e-329a-412f-85da-167ccbca8a4b,88.0,45.7142857143,172.0,40.0,35
318,51d17863-4935-463c-a82a-b024b38992e6,162.0,50.0,155.0,30.555555555555557,36
319,51d64ed0-0dd0-471d-9b07-786d715a17da,65.0,32.5,97.0,25.0,40
320,522da5b6-9ce1-4fbb-9262-4914b91fb532,139.0,100.0,Nan,Nan,46
321,526bd613-fddd-4bd6-9137-ab709ac74cab,130.0,100.0,Nan,Nan,41
322,53081db0-d8ed-49fe-97f6-a1bdae8721ea,115.0,90.4109589041,135.0,9.58904109589041,73
323,533d5cbb-3ec6-4226-994b-844bc2173ac3,111.0,100.0,Nan,Nan,38
324,53479dbd-bc21-4374-a4ba-e0b683324b88,133.0,100.0,Nan,Nan,56
325,53c6740c-7a7d-4d07-a8d2-80cb828b3eb0,138.0,100.0,Nan,Nan,40
326,540c2151-e260-407c-9b13-5833158c210e,118.0,78.9473684211,Nan,Nan,38
327,54a3c21c-5395-44a2-b90b-b7fab8095c20,95.0,100.0,Nan,Nan,33
328,551f064e-1682-4c94-b538-9407978a4f63,135.0,100.0,Nan,Nan,32
329,552233e5-41bf-4b36-adc3-b848df17b4b5,118.0,100.0,Nan,Nan,38
330,5541020c-f657-44b8-958f-a5e2c2a42e11,105.0,25.7142857143,115.0,17.142857142857142,35
331,55a7eb65-9b9e-4701-b6ae-de32b3a5652e,142.0,100.0,Nan,Nan,42
332,55c25c91-3c31-454b-b010-1d015c99aabc,91.0,100.0,Nan,Nan,32
333,5616efb3-4c50-40ab-a792-e2e34faae75f,165.0,84.3137254902,108.0,3.9215686274509802,51
334,56856396-51ec-4e14-903a-3ef478bac052,142.0,100.0,Nan,Nan,39
335,568de193-cb26-494b-ba64-74275226d667,147.0,72.2222222222,Nan,Nan,36
336,56a8f0be-d69d-462f-815d-fe7689155750,122.0,87.6923076923,Nan,Nan,65
337,56d2735d-abc7-4070-9c3f-bc27593d922d,138.0,88.5714285714,Nan,Nan,35
338,57888c47-f976-4417-9577-f45f118b58ca,111.0,100.0,Nan,Nan,35
339,5838f978-0822-4e28-874f-e1511324ec3a,136.0,84.0,Nan,Nan,50
340,583bdc51-88f8-4e2f-941a-0291f1dfddc6,126.0,30.0,129.0,30.0,40
341,58578737-6d2e-491e-a545-6c8beb6e260c,83.0,100.0,Nan,Nan,34
342,5893b2c3-243c-4b79-bfbf-c6624770a97b,96.0,100.0,Nan,Nan,34
343,58b961e1-a2ef-4e92-a82b-199b15bb3cd8,118.0,84.6153846154,Nan,Nan,52
344,59038571-03ea-4ca4-965c-a57eae2aa138,172.0,100.0,Nan,Nan,39
345,5935ec91-8124-42ff-937f-f31a20ffe58f,118.0,100.0,Nan,Nan,37
346,5955a265-57f9-4a3d-a7fa-27049469ca64,117.0,80.3571428571,Nan,Nan,56
347,596dc3a0-db3a-477a-b8a1-971023edb239,99.0,100.0,Nan,Nan,34
348,597eae0b-ccb6-4076-b997-0ce940586076,98.0,100.0,Nan,Nan,46
349,59b38ba7-ad30-4dfe-ba41-3d8ee4348c18,104.0,100.0,Nan,Nan,64
350,59e6487b-6c90-4e2a-82db-2e6a75afdb7e,110.0,83.7837837838,113.0,10.81081081081081,37
351,5a3c6008-0aad-4b44-97d2-800f49647dd2,164.0,100.0,Nan,Nan,40
352,5a80bd9b-4d50-4329-a392-005e9b4be48f,121.0,97.619047619,130.0,2.380952380952381,42
353,5ac6c47f-bce8-4718-8bc6-f1de40693d14,102.0,65.7894736842,166.0,13.157894736842104,38
354,5aca0e28-b3dc-42b8-8d48-6af35332addc,154.0,70.8333333333,Nan,Nan,48
355,5ad78393-77c2-451e-beb1-074df7e06e57,143.0,59.4202898551,Nan,Nan,69
356,5addac83-e296-4548-bf4d-7b03a8a079bc,124.0,94.0476190476,Nan,Nan,84
357,5b20a7d0-adce-461b-852b-1e622bb25b2a,107.0,76.4705882353,Nan,Nan,34
358,5b64c0b8-ab38-4a4a-be01-a346cb332d68,130.0,79.4117647059,Nan,Nan,68
359,5bd3b76f-34f5-4f90-9361-7f6416dc207d,117.0,100.0,Nan,Nan,32
360,5bdb99b2-b7cc-4aa3-bb4f-4102485ff853,114.0,100.0,Nan,Nan,34
361,5bdf011c-a186-4c1c-b7b6-e0faed39d4c3,84.0,84.2105263158,166.0,15.789473684210526,38
362,5d4817d6-bb0e-46c3-8322-84ccc86770ba,165.0,97.0588235294,135.0,2.941176470588235,34
363,5e0aa7e4-01cb-441c-9fc2-d89e890cb981,152.0,100.0,Nan,Nan,40
364,5e7a3a47-3df6-4ae7-a60d-fb212758ad81,137.0,100.0,Nan,Nan,74
365,5e7ff3da-0b31-429e-9a27-982b9e21b97c,103.0,100.0,Nan,Nan,46
366,5f1604ed-5c6b-4a85-8391-15aa61ae7f98,118.0,100.0,Nan,Nan,37
367,5f1c33b7-de18-4845-b9a1-6385bfec68e8,94.0,100.0,Nan,Nan,36
368,5f231710-2468-4a9e-90a0-9e8cd38b60b0,140.0,100.0,Nan,Nan,42
369,5f64bf87-a18e-4ac0-8a49-dc1d500a8ba5,105.0,84.2105263158,Nan,Nan,38
370,6011093f-704a-46b0-8941-ae2bee94d70a,90.0,56.25,163.0,34.375,32
371,60572fab-c835-4733-aa5a-2864c318c9c8,103.0,98.0392156863,106.0,1.9607843137254901,51
372,606667b6-12ac-4e34-9e42-d5c773916d10,128.0,100.0,Nan,Nan,48
373,607f0209-b05a-4c30-bed4-770972cd7486,143.0,68.5714285714,147.0,17.142857142857142,35
374,60aa59ea-1353-4063-ac86-b85820f2a8ab,73.0,55.8823529412,147.0,38.23529411764706,34
375,60bd9d53-01ff-4562-8058-eb44b3940317,91.0,82.3529411765,142.0,5.88235294117647,34
376,60e32de8-b6f7-4919-9f57-ba9c9974cf89,124.0,100.0,Nan,Nan,45
377,60e94685-0481-4d3d-bd84-11c389d9b2a5,133.0,100.0,Nan,Nan,36
378,60fa767a-d85d-4991-82bc-4294e0b11ae7,122.0,93.9393939394,81.0,3.0303030303030303,33
379,610c0012-6eb4-42a0-b759-3a2532ce0f15,123.0,100.0,Nan,Nan,37
380,612eacef-bc8a-4797-aa72-5f811e0ffda8,76.0,97.5609756098,114.0,2.4390243902439024,41
381,61501d89-f666-4281-a0f8-5eaa01b5173b,164.0,100.0,Nan,Nan,34
382,619ee3de-edef-4370-9373-02d90b1ccbb7,131.0,88.4615384615,Nan,Nan,52
383,619f60fa-b680-4735-a635-fc0f03715227,96.0,100.0,Nan,Nan,35
384,61d90458-d529-4b2d-92b5-a1971c45a75e,97.0,100.0,Nan,Nan,33
385,6244adb7-2a77-4e37-a0aa-6a99267bb655,124.0,100.0,Nan,Nan,47
386,62721352-9eb6-45cf-93c4-9e5ecb178116,130.0,100.0,Nan,Nan,55
387,62c2e20a-559e-422f-a44c-9afa7882f0c4,132.0,96.875,Nan,Nan,32
388,632e9ad4-5f69-4c1a-9d8a-64aacede00b2,124.0,86.1111111111,89.0,13.88888888888889,36
389,63829f37-1e41-4f31-a5c8-4dfa78e0aa9d,125.0,100.0,Nan,Nan,49
390,63d9e22a-6053-491d-bbd7-da9707b8bbe0,139.0,100.0,Nan,Nan,32
391,63dd7ef6-6d6e-44d5-a4d9-190e49223077,95.0,100.0,Nan,Nan,32
392,6433700e-23c1-45b2-aa84-3ae90dda9055,138.0,61.7021276596,Nan,Nan,94
393,647be9e2-f19b-465b-a562-147f5141b952,146.0,100.0,Nan,Nan,37
394,647f8be9-b76e-4143-842a-03eb0e36c4f1,137.0,100.0,Nan,Nan,47
395,65223e52-b792-4924-817e-6a30c32aafcb,91.0,97.1428571429,130.0,2.857142857142857,35
396,656700dc-c886-4440-8771-1ad945ce0c05,91.0,100.0,Nan,Nan,39
397,656cfcb3-5870-4db8-8510-6cb598b47aad,129.0,100.0,Nan,Nan,38
398,659b4269-fe81-40e4-86e9-12879c09c9e6,109.0,100.0,Nan,Nan,39
399,65ca55c8-d857-4a3b-9246-835b1e54fe4d,172.0,85.1851851852,86.0,3.7037037037037033,108
400,65f86a3b-3d0f-4f2f-892d-9487783aca9b,166.0,92.5925925926,Nan,Nan,81
401,660404c9-a3e5-43c5-bd76-4339b00190e6,147.0,61.1111111111,98.0,38.88888888888889,36
402,666023bd-745f-4b38-bb15-325e61156fd0,100.0,100.0,Nan,Nan,33
403,666879c8-2083-4f64-bd7a-9a15bac75962,115.0,100.0,Nan,Nan,50
404,66dd332c-d163-4dd6-8b3d-7f5900112e99,106.0,93.75,Nan,Nan,32
405,66f340f5-ccaa-4b63-a6ec-dcf67c6982df,132.0,100.0,Nan,Nan,35
406,6794841d-9f38-4e22-865c-fdee1f383043,120.0,100.0,Nan,Nan,32
407,684252b0-f52f-4e09-b81e-65aa84dfc20f,101.0,65.8536585366,125.0,12.195121951219512,41
408,687971bf-d15c-4e63-8067-e9518fbe21bc,121.0,90.1960784314,Nan,Nan,51
409,688301b0-ae38-4aeb-8a4d-993330a74ba8,114.0,97.6744186047,Nan,Nan,43
410,689e1526-b20e-41ff-a920-5c7a4049ae1d,140.0,100.0,Nan,Nan,32
411,68aaa830-20c5-4e4a-bc5c-3bfcecc43fde,120.0,100.0,Nan,Nan,35
412,6939a732-bc36-4ee8-82d2-16e7d5e8e262,136.0,53.125,133.0,28.125,32
413,693e1e1e-04b8-441f-bcaa-5c0c33acdff2,120.0,100.0,Nan,Nan,42
414,69443781-a8e6-4ee8-8b76-baa50e5e246b,108.0,100.0,Nan,Nan,35
415,6978bfee-114a-48ab-8e0f-ceefeafe189f,127.0,100.0,Nan,Nan,38
416,69de4ab7-bfce-424e-b109-d96b34801516,185.0,58.5365853659,94.0,29.268292682926827,41
417,6a7612f8-b04e-4824-8fdd-cad2100c6e3b,104.0,100.0,Nan,Nan,37
418,6ac57059-6f4a-4364-ad0c-85afc8d582c4,118.0,100.0,Nan,Nan,39
419,6ae75c90-5cb6-48f0-a262-6607659c884d,154.0,93.9393939394,Nan,Nan,33
420,6af5abdb-52b2-4a84-b98f-b06af73b83e0,89.0,82.1428571429,Nan,Nan,56
421,6b224a56-f932-4e31-ab78-5d5b4e9a4d92,143.0,100.0,Nan,Nan,32
422,6b235773-16bd-4fc5-b57e-c966f9d1db6d,129.0,100.0,Nan,Nan,47
423,6b9a509f-6907-4a6e-9345-2f12da09ba4b,110.0,98.1818181818,91.0,1.8181818181818181,55
424,6c267ad5-e2ba-44a8-8882-a4c2879b7768,110.0,100.0,Nan,Nan,58
425,6c3cf3d5-8634-4c70-aa4a-f2bf8245f3f3,109.0,90.3846153846,Nan,Nan,52
426,6cbbb97d-2180-4ba9-97a8-6158b6332bb4,111.0,100.0,Nan,Nan,36
427,6cc55423-dbe7-46e8-8ba2-7b3393cfce87,138.0,100.0,Nan,Nan,36
428,6da2cc31-9b12-4b66-9e26-074150f73406,150.0,100.0,Nan,Nan,33
429,6da76448-982a-4a01-b65b-9a710301c9c9,112.0,100.0,Nan,Nan,34
430,6db17e6e-94d8-4794-9364-c761ad667fb1,118.0,98.7179487179,Nan,Nan,78
431,6dd73bac-956b-40ef-be01-860fcdd4990b,90.0,100.0,Nan,Nan,69
432,6de49025-14ac-4e48-8a49-bbcb5cf2c938,120.0,96.0,142.0,2.0,50
433,6dfe539c-d453-4352-a744-4942dbdb1bd6,123.0,100.0,Nan,Nan,32
434,6e1930ed-5be2-499e-9a6f-9202202f18a3,109.0,100.0,Nan,Nan,39
435,6f51468d-f161-41cf-8414-cd58b370bdf8,118.0,100.0,Nan,Nan,42
436,6f7bc4cf-e089-421a-ada9-9ef1f42799ac,127.0,100.0,Nan,Nan,57
437,6f97b6f6-c17d-4757-94b0-5c0e4798e3f7,113.0,100.0,Nan,Nan,33
438,6fb6fff0-a381-44be-8aa6-e3429a670e0b,117.0,100.0,Nan,Nan,34
439,700219b2-78a7-44ec-813a-a070dd988aff,165.0,86.9565217391,83.0,10.869565217391305,46
440,7003ec02-7bc2-4054-b477-f739efd6df45,148.0,97.6744186047,151.0,2.3255813953488373,43
441,706be20f-e062-4569-94cc-25842dc0a625,88.0,80.3921568627,172.0,13.725490196078432,51
442,71209300-34e5-491d-81ad-76237d167604,163.0,95.9183673469,66.0,2.0408163265306123,49
443,712edd8d-b413-4e4e-aca4-9b91fce2e65c,140.0,94.1176470588,Nan,Nan,51
444,71557258-6534-4b56-8007-3903ace2d869,120.0,97.2972972973,Nan,Nan,37
445,71c0e054-b700-4fd2-a35b-95c7afc566cb,78.0,100.0,Nan,Nan,33
446,727a4a9b-70c9-44e9-8dcc-ad8e4f9d007e,133.0,100.0,Nan,Nan,40
447,729cf505-94eb-4fbe-bc76-cbae44cff091,95.0,100.0,Nan,Nan,33
448,72d50aa4-f537-4bbe-80bc-478ea8671cc1,87.0,100.0,Nan,Nan,40
449,735027a3-d183-42a0-a691-7be6c166df2f,178.0,85.2941176471,172.0,11.76470588235294,34
450,7363463d-4abc-4149-902a-a43808a37d5f,126.0,83.3333333333,Nan,Nan,42
451,738920d3-c6e6-41c7-b504-57761bb625fd,145.0,100.0,Nan,Nan,43
452,73b01cea-2dad-4fc2-9e61-02a31477c1b1,112.0,100.0,Nan,Nan,35
453,740d324e-4356-4116-812d-17ea76a190ce,120.0,85.4166666667,Nan,Nan,48
454,744d7528-025d-4bb4-8907-f01ae87f7327,102.0,100.0,Nan,Nan,42
455,749dfa2e-18eb-479b-a4ac-cdaf09295017,172.0,84.0909090909,178.0,6.8181818181818175,44
456,74abc781-2a12-4406-86b6-eea9586057db,116.0,93.4782608696,92.0,4.3478260869565215,46
457,75581e1b-ee38-4b7f-bc4e-4d6628214693,84.0,82.5,166.0,7.5,40
458,755ea925-c364-4e59-b21f-8d0f4f73f821,106.0,100.0,Nan,Nan,35
459,75f82744-5d4d-417c-b276-37dc4c17a98d,124.0,100.0,Nan,Nan,36
460,762e120f-6d52-4fae-a796-699ae0a0ea9f,152.0,100.0,Nan,Nan,38
461,76729246-4933-4d0f-9951-ac3ac9865d6b,137.0,97.2222222222,103.0,2.7777777777777777,36
462,768f19ab-2753-445e-8332-4acb37800bc8,129.0,25.0,132.0,21.875,32
463,76ad38d7-4d80-45a0-992a-68388621067a,104.0,97.2972972973,Nan,Nan,37
464,770894b7-030e-404d-a833-4a77d0558cb2,153.0,94.7368421053,Nan,Nan,38
465,771025ae-7f9e-4f76-8aa4-ccfec40f218c,130.0,100.0,Nan,Nan,35
466,774e840c-164b-434c-8f2e-359eab5b050d,144.0,51.9230769231,147.0,28.846153846153843,52
467,77fba263-80bc-4233-9694-210567d5c947,118.0,100.0,Nan,Nan,33
468,78194fbe-3bcd-4afe-b4a6-7a97711c325f,152.0,87.1794871795,101.0,12.82051282051282,39
469,78b533ab-79f0-4ba9-9b9f-ba1654332b88,124.0,100.0,Nan,Nan,36
470,78c9a3c5-850f-45cb-8fd0-39e78a552956,178.0,91.4285714286,172.0,5.714285714285714,35
471,79047824-f821-4b1a-9893-e0cea1c947dd,108.0,100.0,Nan,Nan,44
472,7932ba40-a0d3-4a7e-8d85-b351fd33317e,133.0,100.0,Nan,Nan,45
473,795602a9-94f5-43f5-bb87-d058ac9428ec,117.0,100.0,Nan,Nan,41
474,797ae656-81d4-4d89-bddb-eca56f77ba72,151.0,81.8181818182,103.0,18.181818181818183,33
475,79a9d62f-2de3-479d-86e5-6ff857127ba8,120.0,97.9166666667,172.0,2.083333333333333,48
476,79d41dd0-d456-4d33-a36f-bfcc094c38ac,135.0,100.0,Nan,Nan,36
477,79eaa087-edbe-43af-b7d2-de06ecf8cd90,132.0,92.7536231884,Nan,Nan,69
478,79f7dc21-3ccf-40eb-abb4-30ef41ca999b,144.0,100.0,Nan,Nan,38
479,7a3e8796-a0b3-4999-b268-4e2d47912e3c,142.0,100.0,Nan,Nan,35
480,7a933538-2fb2-4d43-9fac-030840935409,124.0,97.9591836735,104.0,2.0408163265306123,49
481,7a9cb96e-84c8-4347-9251-fde1117e286f,126.0,90.9090909091,131.0,9.090909090909092,55
482,7aa0241d-0786-42be-8cf3-3151c85347f4,113.0,87.8787878788,Nan,Nan,33
483,7b35a0dd-eda8-4757-a759-8a4d0a5679dd,106.0,100.0,Nan,Nan,47
484,7c0e11a3-1c7a-4e6d-a14d-6e86d86dbaad,103.0,100.0,Nan,Nan,37
485,7c1f143a-f016-4cb0-be79-c4467dd800e0,123.0,100.0,Nan,Nan,37
486,7c278a16-ae04-460c-88ea-39155cadcd09,129.0,78.125,121.0,18.75,32
487,7c56b21f-17d5-43a3-a698-14373c1f302d,152.0,100.0,Nan,Nan,47
488,7c5a7d3b-fcc0-4c88-8798-5f34fe2be0f3,130.0,70.4545454545,133.0,9.090909090909092,44
489,7d240e37-7ef6-4d1f-a014-144836c16c17,136.0,100.0,Nan,Nan,48
490,7e4bcb1b-ebc2-4a26-905b-5303e54e6f3e,118.0,90.625,97.0,3.125,32
491,7e52d1a9-6c02-4f2e-b30e-dc22ef219f3f,117.0,97.3684210526,Nan,Nan,38
492,7eca082a-4b79-49d9-812d-1c9711cfe346,91.0,100.0,Nan,Nan,34
493,7ed813a3-56b6-4acf-8cbe-c89bc750ec15,94.0,100.0,Nan,Nan,42
494,7f198a38-b1f7-4a4f-be6a-5e5631dca16f,91.0,97.0588235294,Nan,Nan,34
495,7fef22bd-76aa-4803-b56b-93a5d6e70662,155.0,100.0,Nan,Nan,34
496,7fef28ab-aa1b-4368-8ffe-c128b58042dd,126.0,94.5454545455,135.0,1.8181818181818181,55
497,80549cae-482b-4e25-8f86-b41f47ef9782,108.0,76.9230769231,Nan,Nan,91
498,806d8ff3-d1d4-4178-a524-623b87ca0c62,146.0,97.2222222222,Nan,Nan,36
499,809947a1-4836-46e1-9b59-bdd30e611e5a,106.0,100.0,Nan,Nan,36
500,809e8321-9e38-4ebf-b467-1cb6d85f5076,117.0,100.0,Nan,Nan,42
501,80da3e2a-8fa3-4e20-b33f-0e61f49365a0,136.0,100.0,Nan,Nan,40
502,80e69d77-4c8e-476f-88d8-3a4f08c69832,139.0,40.0,Nan,Nan,40
503,80eb1fcc-d5c1-4689-a9a5-b3259a72db28,113.0,100.0,Nan,Nan,48
504,81244866-a534-49be-a156-bd456ee7be41,123.0,100.0,Nan,Nan,45
505,81493b79-bf7d-42ba-a5f2-5342eb7d985e,86.0,93.9393939394,Nan,Nan,33
506,81519da9-b8db-4d42-bd8b-011070c78bb7,76.0,100.0,Nan,Nan,35
507,817e9fd2-d5c5-452e-a597-be7a405f0514,100.0,100.0,Nan,Nan,34
508,81add81c-b2de-4966-9ef3-23dbf9b15c48,104.0,100.0,Nan,Nan,39
509,81ce11c1-21b7-4d88-b5b7-9458101fc423,149.0,100.0,Nan,Nan,40
510,81e2ed45-6a3f-481c-bf36-261e65426a4f,100.0,100.0,Nan,Nan,33
511,81edf1da-d812-4e08-96dc-bf8c48edef1a,142.0,100.0,Nan,Nan,47
512,81ee2fd6-58a3-41de-b299-fe96dae9fde3,113.0,76.3157894737,Nan,Nan,38
513,82d8444b-3478-480c-8652-bf8aa6cb3dc5,172.0,100.0,Nan,Nan,45
514,833f00e1-781f-4edd-90e4-e52712618862,99.0,94.0,104.0,2.0,50
515,8353cabb-9649-4964-bb36-a3fd2382bae8,116.0,100.0,Nan,Nan,40
516,8388fed5-e41f-44d1-b6b5-a5b04ffffbd5,87.0,100.0,Nan,Nan,36
517,838af2bf-4775-4585-bf03-ccde4be50860,150.0,100.0,Nan,Nan,36
518,838fb586-09c6-4b1d-903b-72ce8e39800c,151.0,95.2380952381,Nan,Nan,42
519,83d77263-8832-4eb9-8044-ad37fbef2b6d,153.0,15.5844155844,129.0,10.38961038961039,77
520,83fe377d-2b58-4a02-a779-02fbb7b35644,162.0,87.5,Nan,Nan,40
521,8434805e-4982-4e10-941f-ae27d3730c09,172.0,100.0,Nan,Nan,47
522,84649f3b-6da6-4da6-8e33-a7a990b69516,118.0,100.0,Nan,Nan,35
523,84978bae-46e2-4d9d-b390-5bd8a1c31983,137.0,100.0,Nan,Nan,48
524,84c487bc-7614-4c8f-87ec-a5a6e6903e8c,104.0,96.0,Nan,Nan,50
525,85a8d1a3-1475-43c3-b4c5-e4499bd9751f,108.0,94.8717948718,Nan,Nan,39
526,86082dbc-2fba-44dd-a4e8-4b6b5234e0cc,102.0,100.0,Nan,Nan,33
527,864c7424-c9ab-481e-a9c0-ad986e646c67,118.0,97.2972972973,Nan,Nan,37
528,8670f655-0740-4a00-929e-2e83a0411d8a,162.0,100.0,Nan,Nan,32
529,86788018-eb99-4de1-a3a1-e2004fe75ce9,86.0,77.1428571429,89.0,14.285714285714285,35
530,87031e7c-f9a2-43c6-b123-93601643e49a,90.0,14.2857142857,129.0,9.523809523809524,63
531,8717d821-88ef-4873-bd91-32a0b72ba415,105.0,86.0,Nan,Nan,50
532,872fc077-11c1-4676-9594-a926d4840a49,165.0,94.9152542373,Nan,Nan,59
533,877c7bff-2485-4a6d-b831-e251e6eeefa0,125.0,100.0,Nan,Nan,33
534,880103de-b0e7-40bf-ae76-7342762787a7,129.0,100.0,Nan,Nan,55
535,8967ca1e-3e0c-4e41-81f6-08757fae829d,127.0,97.9166666667,105.0,2.083333333333333,48
536,89881237-8c35-43b7-af8f-950fb6183fee,133.0,100.0,Nan,Nan,33
537,8a2f962e-0512-4d38-82b7-cbd6fefc9aed,152.0,100.0,Nan,Nan,48
538,8a49dba0-253a-4535-b87f-78bb035336ce,105.0,100.0,Nan,Nan,33
539,8a98614f-0533-44ef-890a-639cab407a2d,152.0,97.5609756098,Nan,Nan,41
540,8aefa373-2858-4643-b691-cad4ac7c971a,141.0,100.0,Nan,Nan,38
541,8b189d0c-8a13-4813-8882-3e648938ef2d,97.0,86.2745098039,Nan,Nan,51
542,8b72efea-0a9e-463e-9981-f938ead2d09b,86.0,79.0697674419,79.0,16.27906976744186,43
543,8c8cc498-39e7-440f-b937-21d1481cc3a0,148.0,96.9696969697,151.0,3.0303030303030303,33
544,8d2338a2-4acc-4d99-b2a7-1151f428cab6,144.0,90.625,Nan,Nan,32
545,8d305607-7665-4ba7-bb30-06bb35fad519,129.0,95.652173913,Nan,Nan,46
546,8d89f4a0-ce99-4336-b460-c1989210f834,123.0,97.1428571429,117.0,2.857142857142857,35
547,8d9104c6-7d8e-460b-8c3d-2d797f79953d,125.0,80.0,Nan,Nan,45
548,8d99aab3-a64c-4bfa-9bdf-1dc72a9e9fb1,136.0,97.3684210526,Nan,Nan,38
549,8dac9304-b57d-45f6-9860-ce27f20b2da4,129.0,97.0588235294,Nan,Nan,34
550,8ddbc4f1-f3db-47f1-b727-b4ceaf98cef8,162.0,100.0,Nan,Nan,36
551,8e25b4da-cd53-45d8-9c86-aa0d72d8b5ce,97.0,100.0,Nan,Nan,36
552,8e2f3c24-66e4-4b8f-bb41-6e55a24c21b3,105.0,85.1063829787,162.0,8.51063829787234,47
553,8e5fdb03-736a-4d90-b46f-49db3d654302,112.0,100.0,Nan,Nan,36
554,8e74dd9d-e5a3-4acd-918a-c36a0f8cda84,156.0,100.0,Nan,Nan,35
555,8f42180c-0f43-421d-a924-18b30803cf06,107.0,100.0,Nan,Nan,39
556,8f76f968-0691-4556-a908-85956b4f4fe4,113.0,100.0,Nan,Nan,32
557,8ff37d19-ce4b-4552-9215-1063c3d83a3a,99.0,97.8723404255,Nan,Nan,47
558,8fffe1e4-f1ed-4b15-8698-d966275f6929,112.0,91.6666666667,Nan,Nan,36
559,90141c46-0f99-4435-a90a-af666d6599b7,78.0,100.0,Nan,Nan,33
560,9082df13-72a3-46ea-8939-ca7618293436,124.0,73.9130434783,Nan,Nan,46
561,90aa777f-5c69-4ed6-8ef9-6a576423e6a2,94.0,97.7272727273,81.0,2.272727272727273,44
562,916b55b3-c5dd-4b3f-9916-f2591900a834,153.0,70.4545454545,165.0,15.909090909090908,44
563,9170054a-8a9b-4f33-b31f-4ed58347154a,102.0,100.0,Nan,Nan,51
564,917f2be3-065e-4d1e-8a76-1b50abd1ad95,80.0,100.0,Nan,Nan,32
565,919dd9f4-cd78-4359-8e89-195abd9b79cf,113.0,90.099009901,Nan,Nan,101
566,91f01169-9332-45d5-ae65-6cd9ce31a1e5,95.0,85.4166666667,Nan,Nan,48
567,927c6d55-12b3-4135-8413-5a5f222640fc,140.0,90.7407407407,137.0,5.555555555555555,54
568,929c9c81-cae2-4f75-ba67-8fa4c524a569,100.0,100.0,Nan,Nan,39
569,92ac918a-07f6-4f5e-b356-5897723310ca,120.0,89.6103896104,Nan,Nan,77
570,92e2cb40-de60-47e4-80bc-60595fb5a488,178.0,100.0,Nan,Nan,48
571,93704e52-8677-4a0a-89c7-3be298cc1f74,152.0,68.6274509804,Nan,Nan,51
572,93b0f3e3-dc7f-436b-93a7-285a0dfae829,132.0,100.0,Nan,Nan,32
573,941b357e-f763-4eff-85e0-16a033b94038,140.0,100.0,Nan,Nan,46
574,9420c245-10aa-43bf-a583-08f0219e5666,117.0,100.0,Nan,Nan,32
575,945e970d-6658-4d3b-ab89-7332057e1638,108.0,100.0,Nan,Nan,32
576,9469e58b-213e-42b8-ab60-f01111e9c451,110.0,100.0,Nan,Nan,34
577,94793531-2679-4ea7-a273-945fdf64c06f,101.0,100.0,Nan,Nan,41
578,9482aca6-d012-4578-96b4-2203599f629b,101.0,100.0,Nan,Nan,54
579,94909689-459c-4d15-8e31-678854c48f22,133.0,98.2142857143,Nan,Nan,56
580,94b57b09-73dd-49f4-b20a-0104108c68ff,154.0,100.0,Nan,Nan,37
581,94daa927-6dbf-4a62-b6a5-77dd10e05be0,117.0,96.875,Nan,Nan,32
582,9506a3df-d210-43ba-9d50-30bf45e650ae,137.0,89.4736842105,Nan,Nan,38
583,951b8b22-1a55-41e9-a475-a4826d094dcf,93.0,97.8260869565,Nan,Nan,46
584,958c77db-6340-487c-973e-22140a8119a6,145.0,100.0,Nan,Nan,36
585,95be89c5-f55f-40a8-96bd-7a285c348096,106.0,100.0,Nan,Nan,39
586,9662e5d7-5d66-40a5-9363-ff4503f530a2,80.0,95.0,152.0,5.0,40
587,96734374-9968-40e2-ae97-a7632793dd82,153.0,30.5555555556,88.0,19.444444444444446,36
588,96e25e14-65be-47bb-971a-be6fd28c741f,103.0,100.0,Nan,Nan,45
589,96f64611-49df-4e54-84e7-0f9a30f01766,118.0,100.0,Nan,Nan,38
590,97217a18-9739-4807-bfa7-b506983840f8,100.0,100.0,Nan,Nan,32
591,9738401c-5720-4569-8f56-9780b8b0ab2e,152.0,100.0,Nan,Nan,38
592,977c23ba-10e0-4c03-a882-5896e58717ae,119.0,100.0,Nan,Nan,40
593,97f82215-ff75-48e5-8d59-ac7145bfb3e3,156.0,100.0,Nan,Nan,34
594,980a426e-623e-4ea5-98c7-008d037a0508,121.0,100.0,Nan,Nan,33
595,9810c286-f015-46c3-9c8c-a12bbb39f052,154.0,97.5,Nan,Nan,40
596,9868d850-a37b-4e03-b097-8e2b5d26429c,80.0,78.7878787879,115.0,6.0606060606060606,33
597,9940674c-7bb8-4de9-a5e8-9bd8f0d53897,89.0,71.875,178.0,28.125,32
598,995fe358-4938-4fb0-9e85-67e86611b28e,106.0,100.0,Nan,Nan,32
599,998e57a7-9ac2-47ee-ab37-936dee1478a3,156.0,73.6842105263,163.0,26.31578947368421,38
600,99b99f36-8cea-4df7-96e8-fe32965abc93,123.0,97.2222222222,Nan,Nan,36
601,99c004fb-ba87-41be-afd4-e0157b40516a,166.0,93.75,84.0,6.25,32
602,99fccf2e-2043-4038-ac4c-ef5cc1d82a0f,100.0,100.0,Nan,Nan,84
603,9a42a834-e258-4b05-af58-d71da0f84c0b,103.0,100.0,Nan,Nan,37
604,9a5a1058-0c02-48a1-8d3c-9ee5618ef10d,144.0,80.0,154.0,5.714285714285714,35
605,9ae3b957-59bb-4277-9043-222f223be201,90.0,78.0821917808,Nan,Nan,73
606,9b08eb49-1df7-4138-9bfa-2487c6fa0925,118.0,100.0,Nan,Nan,45
607,9c08d02d-5e49-4ef9-b538-dce167adc54a,130.0,100.0,Nan,Nan,33
608,9cec664e-bfad-49b6-9945-2a9e6ccb51c0,163.0,100.0,Nan,Nan,42
609,9d70086c-5d7a-4e7f-b1ed-c53c4b11310f,114.0,91.6666666667,Nan,Nan,36
610,9d8c543c-8dee-4aca-867e-909b496ca875,105.0,100.0,Nan,Nan,44
611,9d8cdb80-9901-41a9-add8-36ea84636725,178.0,45.4545454545,92.0,38.63636363636363,44
612,9d9c8206-8b4c-45fc-8f12-ffc1940b2b7f,125.0,100.0,Nan,Nan,47
613,9d9e92f9-695e-4fca-af9d-0ecda1c6de43,178.0,97.9591836735,172.0,2.0408163265306123,49
614,9e2ad5bc-c6f9-40d2-a36f-3122ee2072a3,85.0,100.0,Nan,Nan,33
615,9e50d1db-d2f1-4ef2-bfa9-1eb7a71af489,151.0,97.9166666667,Nan,Nan,48
616,9e5680b3-1a52-4910-9a47-f04f46545b98,107.0,91.6666666667,Nan,Nan,36
617,9eb2e378-1d9c-43c7-b108-8003f9756c7f,100.0,100.0,Nan,Nan,46
618,9ef4eceb-ec2e-4059-a199-1ec081138a28,147.0,100.0,Nan,Nan,40
619,9f381fef-7bbd-4f2a-be8b-2acd072bb7e1,136.0,100.0,Nan,Nan,36
620,9f6d644d-b1f9-4c29-8e7d-18cf12434d7b,100.0,100.0,Nan,Nan,37
621,9f94dca3-c874-475e-b5f1-2d8be07a1715,115.0,100.0,Nan,Nan,43
622,9f9cf187-d6f9-437f-9d98-d59cdbd52757,102.0,100.0,Nan,Nan,38
623,9ffabbe4-e078-4906-80a7-3a02b537e251,164.0,100.0,Nan,Nan,47
624,a01e8675-b1ad-4985-999d-1020012c523f,127.0,100.0,Nan,Nan,59
625,a0545de0-0c68-4301-8cd4-1b77e4b0dc3e,128.0,100.0,Nan,Nan,37
626,a0744d9f-d2e7-4e63-aae3-0ff234c9ff3b,136.0,35.8490566038,Nan,Nan,53
627,a0a52320-cdc3-4245-91a6-4e4e684065c4,90.0,94.1176470588,178.0,2.941176470588235,34
628,a0b64c34-787b-4df2-9205-b3f5f8b0b4ce,108.0,94.2857142857,93.0,5.714285714285714,35
629,a0ca0cc0-cc0d-431c-8a36-dd917ea0dfa2,113.0,59.4594594595,142.0,21.62162162162162,37
630,a13ba277-a7ed-44bb-9e42-598a5983e7f0,163.0,97.6744186047,Nan,Nan,43
631,a155873d-0d25-437a-9da3-d78b2f4efbe9,153.0,100.0,Nan,Nan,36
632,a15e2d0a-efcb-4f4f-ad54-22a4879bbcf9,103.0,81.8181818182,Nan,Nan,33
633,a1818245-54db-4881-86be-7ff3180c3e06,155.0,97.2972972973,151.0,1.3513513513513513,74
634,a1a4b6c4-d1c5-4a26-b155-75052d407c83,105.0,93.75,117.0,6.25,32
635,a20860e9-7636-422b-a9cd-2da671b242a8,138.0,100.0,Nan,Nan,32
636,a23f107f-36cd-4a4c-b8d5-6dd73b9148c7,94.0,100.0,Nan,Nan,38
637,a28635ae-0520-401c-be53-20f4846f0113,105.0,100.0,Nan,Nan,34
638,a2df7ff8-dbc0-4afa-9987-5379856ef37b,137.0,97.0588235294,Nan,Nan,34
639,a2f688ec-9842-4080-898f-01bac56bd495,112.0,84.2105263158,Nan,Nan,38
640,a362cf52-5d85-4f34-8a69-e830ef87b5cb,133.0,100.0,Nan,Nan,40
641,a38a3114-859a-40c2-8e95-b1cf6273ca65,152.0,92.0,Nan,Nan,50
642,a449d128-41bc-49ec-9c36-12b6eb79a8e1,112.0,100.0,Nan,Nan,32
643,a478f801-521b-40e7-8bb4-5faeffb1f3e4,172.0,94.5945945946,92.0,2.7027027027027026,37
644,a4d53c4f-8044-404c-b6c9-a91f4412a672,147.0,100.0,Nan,Nan,41
645,a502f559-f70c-4e0d-a5e5-e0cc319d0bd7,104.0,75.5555555556,Nan,Nan,45
646,a52309e7-7471-43d7-876e-b198fa6c3a20,101.0,98.9130434783,Nan,Nan,92
647,a528ba1a-564f-42da-9953-01f7db07e881,100.0,95.652173913,84.0,4.3478260869565215,46
648,a52d71cb-443c-4910-b37c-cd70e4b0b1ef,120.0,96.875,Nan,Nan,32
649,a57af2bd-9226-468e-8d86-1b2265fc4ef1,98.0,100.0,Nan,Nan,40
650,a5e8f4b6-eedb-4641-8862-048d0ccaf557,124.0,92.8571428571,135.0,4.761904761904762,42
651,a642c527-692e-4466-a734-bf30d0170ece,113.0,100.0,Nan,Nan,47
652,a789abbf-fefe-4a7d-9d45-3efbfd389c88,97.0,95.8333333333,122.0,2.083333333333333,48
653,a8247cc4-2cce-408a-bbdb-78318a7a459f,172.0,100.0,Nan,Nan,42
654,a87f389b-408d-42c6-a18f-07bd708ed494,107.0,91.1764705882,Nan,Nan,34
655,a89d3e81-cf59-4da2-a1ca-4d45811dabb7,84.0,97.1428571429,101.0,2.857142857142857,35
656,a905e294-853a-436c-aa70-161e930265ee,146.0,100.0,Nan,Nan,34
657,a92380e6-f10d-4407-aceb-5825b17fed5a,92.0,100.0,Nan,Nan,36
658,a99c39dd-3bb1-4021-be2e-ecc6c6db8351,132.0,92.7536231884,136.0,2.898550724637681,69
659,a9a83384-3da3-4c84-af6d-33fcdb1c3e27,165.0,100.0,Nan,Nan,49
660,aa0a3d7d-6f24-47ce-9809-ff58cea0a7bf,143.0,100.0,Nan,Nan,69
661,aa12dc94-77b1-4e9b-990f-b2bae959f5e0,126.0,96.875,Nan,Nan,32
662,aa9fb372-52bb-4afc-b8fb-3aae20672d79,109.0,94.7368421053,112.0,5.263157894736842,38
663,ab1d0ca0-7ca0-4037-9785-7e1d65e45413,130.0,95.5555555556,Nan,Nan,45
664,ab7805a8-c161-403d-92bf-a92c8b8e17dc,94.0,97.1428571429,Nan,Nan,35
665,ab7e7735-2021-48bc-b943-568a8e216a2a,79.0,96.875,Nan,Nan,32
666,abbf5c72-081d-41ea-a110-4f1e366b6f79,83.0,100.0,Nan,Nan,39
667,abcf042e-1f92-499e-8c2d-418e495ec361,91.0,100.0,Nan,Nan,32
668,ac06289f-f867-44ce-a2ff-66f6752ef7c9,118.0,100.0,Nan,Nan,61
669,ac1914cb-bf51-4457-abb2-c60bcc63021d,96.0,98.3606557377,Nan,Nan,61
670,ac1ae5ed-02e2-4eba-ad2d-e861a6bf04b2,107.0,95.2380952381,110.0,2.380952380952381,42
671,acfbe1ab-b897-433d-bbb6-ac43273f218c,134.0,100.0,Nan,Nan,40
672,ad8f8af7-28f6-4ec6-b68e-77305b38ab7b,136.0,100.0,Nan,Nan,43
673,ae06cdc5-f662-47f4-8284-cfe5bae8cb3f,124.0,100.0,Nan,Nan,34
674,ae22f92f-c2b5-4b87-94a5-bb945c303dd2,130.0,100.0,Nan,Nan,45
675,ae28e0d1-73ab-4292-a8f5-fa28dffec415,122.0,100.0,Nan,Nan,32
676,ae5096a0-4b53-455a-ac9c-0348108208c3,88.0,100.0,Nan,Nan,33
677,ae7326dc-27a7-4bd3-a3c6-db61ac6d664c,102.0,100.0,Nan,Nan,51
678,af038ac0-c0bc-4561-b1ff-ce40bc6719a6,113.0,97.5,117.0,2.5,40
679,afbd4865-01bc-4146-ac00-e2a66396eaf3,94.0,100.0,Nan,Nan,39
680,afdd18a5-3fd8-4407-93e9-8445298aaf6f,126.0,100.0,Nan,Nan,113
681,b076d9a2-976d-476e-8f0c-c77137d7d732,172.0,100.0,Nan,Nan,53
682,b0adc7a8-0a90-4e09-8839-a66f315234a2,135.0,100.0,Nan,Nan,45
683,b0ead1e3-f8a0-4078-b994-c0c6a3f407c5,124.0,97.0588235294,132.0,2.941176470588235,34
684,b13a3914-fe25-4c9e-bdf2-d2ec0b7b7b97,85.0,96.9696969697,120.0,3.0303030303030303,33
685,b155c250-0be4-4031-a643-1f03d7f0571c,107.0,33.3333333333,92.0,15.151515151515152,33
686,b1a9c0e9-d987-4042-ae91-78d6a3267d69,172.0,93.75,87.0,6.25,48
687,b1eb0c55-5b08-4668-89ff-7dbf7cd68ad8,140.0,98.2142857143,Nan,Nan,56
688,b2181aae-5cba-496c-bb0c-b4cc0109ebf8,134.0,100.0,Nan,Nan,37
689,b2389a72-71f9-425c-b4ea-f4ab7eb92c61,111.0,95.1807228916,Nan,Nan,83
690,b2a33fa4-323b-484f-b748-764553116506,166.0,92.0634920635,Nan,Nan,63
691,b2b50082-0bd1-4702-9a95-3499a4e5781b,123.0,100.0,Nan,Nan,36
692,b2d2881c-d968-4926-82de-de874d37eea7,166.0,76.9230769231,138.0,7.6923076923076925,117
693,b2e623ea-378b-4479-bb75-fa202aacbfc9,123.0,93.9393939394,Nan,Nan,33
694,b2ed7ec3-500e-4040-baa4-d54b7221a9fb,133.0,100.0,Nan,Nan,47
695,b3724cd7-d268-42f5-8557-88d926a4b689,75.0,100.0,Nan,Nan,35
696,b39b7227-c271-4ab8-912b-cb1fe2fc0e5e,96.0,97.0588235294,138.0,2.941176470588235,34
697,b3c37580-789c-42d4-a906-ee0cf5cf4649,130.0,100.0,Nan,Nan,44
698,b3feb9d5-9ac5-493d-8f7c-10bf5013e964,124.0,76.1904761905,137.0,4.761904761904762,42
699,b4184747-0157-41be-ae44-e3a6a0c13272,123.0,100.0,Nan,Nan,32
700,b4486e7a-2688-4b1d-a1fb-32244a6ab902,121.0,100.0,Nan,Nan,75
701,b47bf632-f6ca-42fa-9db9-10d38797aa9d,127.0,100.0,Nan,Nan,36
702,b4829586-0ff3-4376-b2b8-f42dbbc9e885,121.0,100.0,Nan,Nan,38
703,b4f0642e-05c5-4bc4-bf0c-95e67bfb3e99,130.0,52.380952381,135.0,14.285714285714285,42
704,b4f96ea4-2ddc-40aa-9072-48efbb11b91c,162.0,95.652173913,156.0,4.3478260869565215,46
705,b50318df-f7ce-4a30-9612-d990757ee58c,118.0,92.5,148.0,2.5,40
706,b5351678-2cbe-4b3d-b843-9fbc0e36b423,114.0,100.0,Nan,Nan,41
707,b56432a2-6231-4c6f-af00-2656804a95d1,125.0,97.1428571429,Nan,Nan,35
708,b5b3dd2a-bb95-450f-bae4-061548603f82,96.0,100.0,Nan,Nan,51
709,b5f6f29f-4b6c-4dc4-9c0d-5963d404db71,151.0,100.0,Nan,Nan,33
710,b606b492-2dbd-48ac-b847-ec548d6a03b3,95.0,97.5,Nan,Nan,40
711,b60c1e28-6daa-4e3c-a142-3ad152467742,155.0,93.75,Nan,Nan,32
712,b64bdccc-64eb-4ead-864d-bd8a7914f7da,123.0,78.5714285714,147.0,16.666666666666664,42
713,b6912b63-297b-4023-8ec9-0b3d8d2d31b3,105.0,100.0,Nan,Nan,38
714,b6b5980b-9753-449e-abbd-65fba6464e0c,99.0,100.0,Nan,Nan,52
715,b6cbe414-8b21-4600-8588-f6a80fd7043a,132.0,94.4444444444,Nan,Nan,54
716,b720b11f-2c00-4f48-83b9-4aa9d3207e8c,128.0,76.1904761905,Nan,Nan,42
717,b7318d56-1c1a-4552-90e5-105b957c236a,139.0,63.4146341463,126.0,10.975609756097562,82
718,b7715ccb-5a99-4fab-bd56-065d50ec8de0,96.0,100.0,Nan,Nan,39
719,b7e172f3-1f8f-49bf-a4a9-141cd64979c7,128.0,100.0,Nan,Nan,34
720,b849acd4-0638-49ea-8e40-7391613d4890,165.0,96.875,154.0,3.125,32
721,b8759150-f1a1-4619-9c4b-0d74af33782d,133.0,88.2352941176,Nan,Nan,119
722,b88bdafd-e675-4c6a-9681-5ea85ab99446,124.0,96.9696969697,Nan,Nan,33
723,b8bc05b2-0bb3-46a1-b830-62187e7657e1,152.0,84.375,99.0,6.25,32
724,b8bcd44d-b698-465f-a3ed-c38ca81418d6,101.0,36.8421052632,135.0,28.947368421052634,38
725,b8dcf90c-fb3d-444f-acfe-7423449ca01f,100.0,100.0,Nan,Nan,49
726,b9109195-0449-4900-9399-339882b38c29,97.0,100.0,Nan,Nan,32
727,b96f272b-3370-4a6b-ba53-1e905374a451,94.0,97.8260869565,185.0,2.1739130434782608,46
728,b9b6dfec-6fb4-4359-8112-94a0cf231833,96.0,100.0,Nan,Nan,45
729,b9d06b81-b582-46d4-ad41-be47a6961892,86.0,19.4444444444,90.0,19.444444444444446,36
730,b9e8436a-ef5d-4949-af67-f95ce1667f50,122.0,93.75,Nan,Nan,32
731,ba0a796c-bd1f-4d4b-85a8-918f217a204a,106.0,92.3076923077,Nan,Nan,39
732,ba4bcf45-fcdf-4ff7-a19e-be3fdffae337,155.0,100.0,Nan,Nan,42
733,badc7d8d-0de0-4379-b0e9-a8c91b92d1ef,152.0,100.0,Nan,Nan,37
734,baf24999-4f60-4512-895c-dd27b0b06e39,120.0,100.0,Nan,Nan,33
735,bb0d3c16-b684-4a5a-a107-e12bbd4f3041,128.0,90.625,Nan,Nan,32
736,bb79ce9e-f3d5-4f84-b1a2-130f414f8034,108.0,98.0392156863,Nan,Nan,51
737,bbc38449-9954-4f70-b28a-f2bcea9c393a,172.0,100.0,Nan,Nan,37
738,bc3448ee-53bb-412a-99d6-ea6cc862928a,153.0,78.2608695652,Nan,Nan,46
739,bcbaca8b-9480-4041-b401-17c209d63dca,102.0,84.6153846154,Nan,Nan,52
740,bcbe3d2e-e95f-46f4-8b5f-9e8a8bb71d36,147.0,50.0,144.0,50.0,32
741,bd5a8e36-b012-4eec-ba89-e435a8f6c58c,137.0,97.4025974026,Nan,Nan,77
742,bd82738d-163c-4b1a-bfaf-7acffe30e68a,162.0,100.0,Nan,Nan,32
743,bda82824-33bf-40d1-b592-3c7e96a9a130,101.0,46.3414634146,149.0,36.58536585365854,41
744,be5761a7-d99a-44e8-96a4-904b490f7061,129.0,96.9696969697,Nan,Nan,33
745,beb7d493-3437-485d-b21b-14d0ac46b211,155.0,91.4893617021,142.0,2.127659574468085,47
746,bf5197ab-31f0-4861-b81b-91372145dc8e,128.0,100.0,Nan,Nan,36
747,bf58a93c-1a90-43aa-b804-53f5a4f5307f,120.0,100.0,Nan,Nan,59
748,bf7845cc-eac3-48a3-8b06-543b4b7ba117,141.0,90.7894736842,Nan,Nan,76
749,bf80d304-2c72-4352-9ced-3aaed8632346,127.0,100.0,Nan,Nan,42
750,bfae2a1a-3b13-4d39-8ff2-e17b2cac8126,131.0,100.0,Nan,Nan,46
751,bfbac2b9-679d-4a6b-9acd-36b97e0b5a0c,120.0,75.0,154.0,6.8181818181818175,44
752,bfbc588f-c4f7-464a-a890-7ac749326a13,140.0,100.0,Nan,Nan,37
753,bfd37140-14fd-497a-a39d-c133011ac244,106.0,100.0,Nan,Nan,32
754,c00382c2-5c52-4c14-85d2-d7438a4b1fa2,105.0,78.9473684211,Nan,Nan,38
755,c02354ac-3656-455a-a89e-a4a7523f24e5,129.0,100.0,Nan,Nan,48
756,c05048f1-47f6-4532-8d98-75ca80fa1792,95.0,81.0810810811,145.0,10.81081081081081,37
757,c06c19b2-35e9-4fb3-9616-05fe55b037a3,131.0,100.0,Nan,Nan,34
758,c0a217dc-4c2c-45f9-afd4-9b5f366386ef,93.0,73.9130434783,Nan,Nan,46
759,c0b7b368-ad18-481f-9184-2d92fa5799df,123.0,78.8461538462,140.0,13.461538461538462,52
760,c0c78d3e-19fc-4227-bdbb-153814f05527,123.0,90.625,Nan,Nan,32
761,c19db4d3-6640-4732-a0b2-e358ed80c5c4,151.0,93.75,Nan,Nan,32
762,c1b567b0-5924-437c-9c20-c8add9be7d39,163.0,93.4782608696,Nan,Nan,92
763,c1d63906-f64a-4cd1-9873-9f3a9f98883c,163.0,100.0,Nan,Nan,36
764,c24eb26a-04d6-4f09-9449-9bc334f78ede,139.0,75.2293577982,Nan,Nan,109
765,c25aba65-17ae-4f2e-a8a8-5aefa4e1348b,95.0,100.0,Nan,Nan,48
766,c2d8ca4f-503a-452b-ae1e-9646022eaf50,98.0,96.875,114.0,3.125,32
767,c30faedd-630b-48ea-9187-2ee737c310de,178.0,94.7368421053,90.0,5.263157894736842,38
768,c365b35c-4f30-44bf-9fc9-0dff8c1c8f1a,77.0,76.1904761905,89.0,14.285714285714285,42
769,c3726adf-6366-4c12-b775-0f5b7e0ea1fa,124.0,100.0,Nan,Nan,48
770,c3823516-739c-4697-933b-f7f260e9aa60,110.0,71.1111111111,117.0,13.333333333333334,45
771,c3ace904-a6bd-4e70-b550-c88785610ef9,70.0,90.625,104.0,3.125,32
772,c3c53dbe-2ec4-461e-86b0-a669e64e029f,132.0,100.0,Nan,Nan,34
773,c3fe2b67-a715-42c7-9e3c-2e353620a11d,150.0,100.0,Nan,Nan,37
774,c43be73a-f8d6-4587-b8c4-6f653541782a,155.0,79.4871794872,Nan,Nan,78
775,c459d5fc-2be7-46d0-9565-b6caa6c626a7,163.0,100.0,Nan,Nan,40
776,c4b618c1-9507-4238-8e13-657286547b09,133.0,100.0,Nan,Nan,32
777,c535fd18-6076-4fde-ab62-0251ce50d6ce,125.0,100.0,Nan,Nan,34
778,c5659cc0-b86b-4e2f-95f3-8d55b0d1e672,140.0,100.0,Nan,Nan,38
779,c59758a1-940c-409d-9a0d-bde97048d5ad,93.0,100.0,Nan,Nan,35
780,c5da2d84-c7d2-4bee-9416-a94394b11af1,106.0,97.5,Nan,Nan,40
781,c602d9e8-0c5d-431e-a7aa-ed760b7677ac,143.0,90.625,107.0,6.25,32
782,c6111171-bb92-4401-9053-f165863547f2,115.0,100.0,Nan,Nan,34
783,c671a7e3-dd6e-4d38-a96d-f30bcafe7dd5,95.0,100.0,Nan,Nan,32
784,c6ddba3b-a1a4-40a5-b686-b040ba536f24,98.0,100.0,Nan,Nan,35
785,c6e61ed4-a23a-4023-a7bd-c8bba1fd8d16,156.0,72.7272727273,162.0,27.27272727272727,33
786,c7225576-001e-423c-adc1-58f0985dcb27,88.0,100.0,Nan,Nan,37
787,c7492f6e-adf3-4ff5-85dc-33d527dc81d8,155.0,72.0930232558,152.0,11.627906976744185,43
788,c7580771-2c10-43dc-8833-1da0d46980f0,91.0,100.0,Nan,Nan,41
789,c7baf0bc-77ed-454e-92a0-687f6b70d612,164.0,94.4444444444,Nan,Nan,36
790,c7c25302-69ab-4a9d-b967-23cbc6793854,84.0,100.0,Nan,Nan,33
791,c84e23aa-20d9-45df-85cb-a6ecdba6e44e,107.0,93.2203389831,75.0,5.084745762711865,59
792,c9b373a4-99cd-41c5-ab97-582a0906e304,134.0,72.0930232558,Nan,Nan,43
793,c9bf13e6-619e-4cca-ae0f-512e9a478930,126.0,88.8888888889,Nan,Nan,81
794,ca039778-ff30-4af7-a558-84c8746924bc,167.0,62.7118644068,Nan,Nan,59
795,cac27da9-20c5-4722-9a25-f2c26e2c04cf,100.0,100.0,Nan,Nan,38
796,cad2c4c2-15fc-457f-8389-a3fa7113d2ae,113.0,100.0,Nan,Nan,37
797,cb704029-adf6-408f-b91b-6883df02540a,98.0,100.0,Nan,Nan,33
798,cb705a26-1de8-447f-af40-e6bf0e66e976,166.0,93.9393939394,Nan,Nan,33
799,cbcc02d0-c72f-446f-9c6d-9a313b742acc,157.0,47.0588235294,162.0,35.294117647058826,34
800,cbec6fa8-a950-471d-b92e-f0c39255f488,151.0,100.0,Nan,Nan,39
801,cc480502-bfe8-4bd5-b98b-feba018698f0,124.0,96.875,Nan,Nan,32
802,cce551a1-5a6c-494b-89fe-6dfac5e8aed1,137.0,84.2105263158,Nan,Nan,76
803,ccfdd180-22e1-49b9-bd81-b5fcf2c6474e,127.0,97.1428571429,Nan,Nan,35
804,cd3f5efa-bc5e-4064-a765-960494ad4bb4,165.0,100.0,Nan,Nan,54
805,cd7c7fc6-c8dc-4b3e-8ae7-b92bb301bb3b,162.0,97.5609756098,Nan,Nan,41
806,cd80145d-f897-4469-a7d5-cedc6d83b816,89.0,100.0,Nan,Nan,33
807,ce0b1b14-7d53-4a06-ae05-a4a34903e73d,133.0,91.3793103448,Nan,Nan,58
808,ce495790-b2f7-4ff0-858c-8df38c2025ab,145.0,100.0,Nan,Nan,39
809,cf147cd0-8e0a-43ee-82f1-cc3fbe666d88,104.0,100.0,Nan,Nan,36
810,cf61eb88-be62-494c-badc-0a27d8d10736,172.0,92.1052631579,163.0,5.263157894736842,38
811,cf6af080-1bc0-4a82-90c9-0ecb7e9e4ec4,132.0,100.0,Nan,Nan,34
812,cf9053d1-d116-407e-a989-1f30abd6702c,116.0,100.0,Nan,Nan,34
813,cfc2fb95-2fc0-4129-acf3-5a5dfb9bceef,166.0,65.2173913043,84.0,34.78260869565217,46
814,d002ad96-7eac-4ca5-9b45-d89b8c7f15ee,105.0,94.1176470588,Nan,Nan,51
815,d057c75d-04eb-438f-be0b-74f629f2953c,185.0,100.0,Nan,Nan,34
816,d07057c1-312b-4a7e-b129-dd7383539f57,151.0,92.4050632911,0.0,3.79746835443038,79
817,d0769eb3-ca35-4aab-aa45-ecedee55250b,150.0,100.0,Nan,Nan,39
818,d0c234bd-cfdc-4f73-a19f-67c4be0dc071,132.0,100.0,Nan,Nan,36
819,d0c3da1f-8b6e-4419-ae1a-3de4b5bf9d4f,120.0,100.0,Nan,Nan,34
820,d15ba2bd-f227-415f-9c8a-4245a51a6d8f,116.0,100.0,Nan,Nan,33
821,d1ae4cbd-805e-4bc6-a169-5b70a64e4253,110.0,100.0,Nan,Nan,50
822,d1e0a99e-1894-457b-ba6a-985eeef4d0c4,92.0,89.7435897436,Nan,Nan,39
823,d201070b-ff15-49ce-877b-f91032617faf,108.0,100.0,Nan,Nan,56
824,d244cc78-53af-4024-b743-4b2387dc55e0,164.0,91.1764705882,Nan,Nan,34
825,d2462188-1609-4945-b816-8b026d1a2332,136.0,100.0,Nan,Nan,45
826,d2df9667-1ea7-4e0e-b68a-3b3d8aa66224,137.0,100.0,Nan,Nan,33
827,d36e0b66-a91c-44ee-98c1-881ac8157439,97.0,97.3684210526,140.0,2.631578947368421,38
828,d3bd52f1-3d84-445b-84f5-7899de8f9340,117.0,100.0,Nan,Nan,49
829,d3f1cd62-ae04-46d0-ba11-ec1970f890a0,93.0,97.6744186047,172.0,2.3255813953488373,43
830,d4734031-c35b-4994-811d-da5d299e1f6e,144.0,100.0,Nan,Nan,41
831,d528d647-cabf-4001-a8f1-78be5637d66b,106.0,100.0,Nan,Nan,35
832,d548a707-e0a8-48a0-94b4-e267793a918e,123.0,97.7272727273,128.0,2.272727272727273,44
833,d604a1b6-2cbd-4dc6-9682-a746405f247b,148.0,100.0,Nan,Nan,42
834,d63ad586-1124-4df1-9a2b-c014d7b7cb02,125.0,96.875,Nan,Nan,32
835,d63bf39f-ec30-4f9f-b5a1-1397756016a3,124.0,100.0,Nan,Nan,37
836,d66a0461-ed4f-4cd8-8095-0aeae25bcea1,145.0,100.0,Nan,Nan,34
837,d6760a03-b4fe-429b-ac0e-f49416a12409,126.0,100.0,Nan,Nan,43
838,d6e578ac-bfc0-4a2e-9e08-d68e2c633536,123.0,60.5263157895,66.0,7.894736842105263,38
839,d7bd3f0e-2aba-424c-9457-db5341893aef,122.0,100.0,Nan,Nan,32
840,d8417d44-9324-43b8-838a-e1034ac11f8c,144.0,100.0,Nan,Nan,32
841,d893c112-8dc3-4a46-8e11-3744d628917a,121.0,100.0,Nan,Nan,41
842,d8bb0832-9bb3-42ef-a861-ae9bf07a2089,121.0,93.1818181818,Nan,Nan,44
843,d8c3f47e-d7f6-408b-a65b-90c77a557336,125.0,86.1111111111,145.0,13.88888888888889,36
844,d8c79588-fcbb-46c3-8838-85b212475bb2,126.0,92.7272727273,Nan,Nan,55
845,d90da67d-eb0c-4e1c-81be-3a12bcf8fd13,124.0,48.7179487179,129.0,25.64102564102564,39
846,d9944f08-0291-4939-9630-65f0ae8657ae,129.0,100.0,Nan,Nan,38
847,d9c83399-5c8a-4c66-804b-95ad757c8f1b,135.0,68.5185185185,Nan,Nan,54
848,da2c48eb-09af-4d74-96df-20b077c1c79f,118.0,100.0,Nan,Nan,44
849,da31bbd5-d020-41d8-8ed5-908c18c13c55,162.0,66.6666666667,155.0,27.27272727272727,33
850,daa9e1bd-56aa-48bf-9c7b-6cd7cac8c223,76.0,96.0,152.0,2.0,50
851,daaee15a-8a4c-4275-a7c1-5b6211f0ec69,138.0,100.0,Nan,Nan,38
852,dac6aecc-fbf7-418b-9bdc-1107469b7768,166.0,98.7179487179,Nan,Nan,78
853,daebd800-fe8a-48bf-bfb4-d8655a895dff,139.0,96.9696969697,Nan,Nan,33
854,db63cb9b-a80c-4a81-9f0e-9a24fd4aec7c,112.0,100.0,Nan,Nan,54
855,db6c7347-34e9-4023-acf4-a1ce6d0f409b,134.0,100.0,Nan,Nan,45
856,dbc0da50-4bc6-4230-9e7b-136b5dc2b31a,125.0,81.8181818182,163.0,6.0606060606060606,33
857,dc7dc185-0f78-4422-841e-0c381826e0f2,110.0,100.0,Nan,Nan,39
858,dc87225b-46bc-4a5d-837f-14e7eb8f2ca2,113.0,81.25,Nan,Nan,32
859,dcd4b3ac-20f0-45a2-911c-ebb1e80dbca5,137.0,77.7777777778,Nan,Nan,36
860,dd2d2073-50c4-438a-91cc-a1fea1c81b12,101.0,93.8461538462,Nan,Nan,65
861,dd2e50c0-e6e5-4566-a47b-daf32cc8c18b,162.0,100.0,Nan,Nan,40
862,dda183c0-8697-49fa-a971-6632e6a8c31c,172.0,97.9591836735,166.0,2.0408163265306123,49
863,de362755-0695-44aa-bcd9-6847ea5e1251,135.0,93.75,Nan,Nan,48
864,de7210fe-bbb3-4c91-80d1-14696dae558a,126.0,78.3783783784,104.0,13.513513513513514,37
865,de896c41-463d-4eaa-8fe4-d826e2afa0f8,124.0,94.0298507463,Nan,Nan,67
866,df434d9d-120d-4c81-afbe-46322745e7c7,172.0,85.7142857143,0.0,3.571428571428571,84
867,df8c94da-f884-4f22-af08-df9d40275d39,155.0,100.0,Nan,Nan,39
868,dfe6dd93-de4d-4259-b0a2-ca9580d60d50,153.0,100.0,Nan,Nan,36
869,e01a20a3-ba28-4f4f-b6fc-f44a16a6c949,138.0,100.0,Nan,Nan,34
870,e0369f9c-b91a-479f-a9ae-021cee2bc1ff,103.0,97.1428571429,107.0,2.857142857142857,35
871,e097e9bc-8263-4e24-a6e6-8fa326b506c3,143.0,100.0,Nan,Nan,34
872,e0986818-9fc0-4a93-be09-77b7a6c9c0dc,126.0,97.2222222222,Nan,Nan,72
873,e135871f-0fed-4683-90e3-ebbe435fbe4e,144.0,100.0,Nan,Nan,40
874,e1687840-0fe3-40c8-9630-73c0df70813c,155.0,100.0,Nan,Nan,40
875,e1b7b099-abe6-4b7f-b06e-2c7cba7ffe7f,139.0,100.0,Nan,Nan,44
876,e1f40fdd-7204-4022-ae93-8fc7c9a93119,120.0,97.1014492754,104.0,1.4492753623188406,69
877,e1fe1d12-dac2-4325-ae1b-25e0ef06b998,124.0,97.0588235294,Nan,Nan,34
878,e21defb3-82b7-481a-a457-63ce2329feaa,120.0,97.3684210526,Nan,Nan,38
879,e21fbc12-8f9d-4c7b-8bfe-d4d6e1bcabbf,155.0,100.0,Nan,Nan,36
880,e2c5d227-90aa-4cc4-b1cc-ba7d412f05fe,119.0,100.0,Nan,Nan,38
881,e33d52b7-2ed6-4889-89f4-7a9e696eac37,172.0,62.5,90.0,34.375,32
882,e3b19d83-1fe3-47ac-91d3-36ce33d53732,131.0,92.5373134328,Nan,Nan,67
883,e3fada81-0718-4807-b249-cf47dbf29a03,167.0,91.3043478261,Nan,Nan,46
884,e4003498-11f2-4a71-b650-f6e8ac42a9f8,155.0,96.875,Nan,Nan,32
885,e42df375-e203-4f9c-8e06-a385634e76c7,91.0,77.5,185.0,20.0,40
886,e492bc5b-469e-497b-903d-64a9713deee0,153.0,72.2222222222,144.0,19.444444444444446,36
887,e4a59629-1abc-4fa4-9deb-760411368273,121.0,95.8333333333,126.0,2.083333333333333,48
888,e6141805-b907-421a-8fb0-93537efb3ce4,110.0,97.0588235294,121.0,2.941176470588235,34
889,e63d278b-d23b-44b4-89a7-14768d14acc3,134.0,100.0,Nan,Nan,41
890,e6c7f0d6-2b44-435c-b321-2fb6bff9a555,111.0,79.4871794872,143.0,7.6923076923076925,39
891,e6d80ec5-85b3-4900-8e52-f83e9bf16852,134.0,100.0,Nan,Nan,39
892,e731a2a1-8e3a-42f6-8dbe-af356714f836,131.0,100.0,Nan,Nan,32
893,e753cdd1-6e64-4879-8a40-c46744a897b7,130.0,100.0,Nan,Nan,33
894,e7840a7d-38e4-4d69-b666-0ee4c92fe832,123.0,100.0,Nan,Nan,46
895,e7b022c5-bce7-4bee-8136-7889af2f4162,78.0,52.0,156.0,24.0,50
896,e832b734-62e9-4eb7-84f8-0951f39e719e,114.0,100.0,Nan,Nan,44
897,e863222f-a1ce-4fbb-bfc1-6cc0c2333451,85.0,86.1111111111,172.0,13.88888888888889,36
898,e90a6932-b238-4cc0-8331-6637469b7a34,100.0,89.5833333333,Nan,Nan,48
899,e95e5009-99b3-42d2-abdd-477967233b08,129.0,100.0,Nan,Nan,53
900,e974e6ae-39c4-461f-8c25-885298d3863b,101.0,78.9473684211,Nan,Nan,38
901,e9759a5a-5efc-4030-8168-f08790ae4ddc,132.0,72.7272727273,Nan,Nan,33
902,e97f805a-ab48-4c52-855e-07049142113d,95.0,100.0,Nan,Nan,37
903,e9d7362a-4022-4027-800b-4f5ab793ff14,84.0,100.0,Nan,Nan,34
904,ea2a5395-0477-4d80-bb89-005d328835a1,116.0,97.3684210526,Nan,Nan,38
905,eb027f97-e23f-4e33-914f-e0ce3b5f9c7d,101.0,88.2352941176,136.0,11.76470588235294,34
906,eb2fbdca-089e-493b-ae03-bb24cdf2b176,162.0,97.0588235294,141.0,2.941176470588235,34
907,eb5550c8-9d31-4270-9dac-1f11566a3805,101.0,70.5882352941,Nan,Nan,51
908,eb5641b3-196d-45ba-9edf-1d37671bd3b8,110.0,97.1428571429,Nan,Nan,35
909,eb612418-2d98-49af-9fdf-64362326632b,109.0,100.0,Nan,Nan,34
910,eb84f4d8-feed-4a07-857d-ccb89031379e,89.0,100.0,Nan,Nan,37
911,ebfcb2ca-1285-4baf-8a9c-b09e737926d8,78.0,100.0,Nan,Nan,39
912,ec8c8256-6a29-4dc2-afe8-8a6efae40b49,107.0,100.0,Nan,Nan,77
913,ecfdf71b-934f-40b9-b114-631e63f4fffc,147.0,75.6756756757,129.0,16.216216216216218,37
914,ed574fad-7f59-4e05-8c24-d1138a0d872c,123.0,85.2941176471,162.0,14.705882352941178,34
915,ed7a45e1-fabb-4a83-a5c1-f68cf4711823,108.0,100.0,Nan,Nan,33
916,ed8d1b3b-8757-447a-baba-3efe027f2765,151.0,97.2972972973,Nan,Nan,37
917,edefed39-8601-4a3e-a3c7-736447446557,100.0,96.2025316456,Nan,Nan,79
918,edf5afb6-7c9b-403d-aad9-6e5323711cc9,139.0,97.0588235294,Nan,Nan,34
919,ee801ae1-001f-4b9e-9ebc-b2d03b8bf672,165.0,97.5,Nan,Nan,40
920,ee898790-133f-445a-874f-d996abd843af,141.0,78.7878787879,Nan,Nan,33
921,ef2d05cf-062b-49a1-85db-1f12868ad724,164.0,80.9160305344,85.0,9.923664122137405,131
922,ef47f67b-e87d-4eae-9228-afe02ae05199,126.0,100.0,Nan,Nan,33
923,ef56b0eb-a659-454b-a34d-bf6bdaf5f5e2,140.0,100.0,Nan,Nan,36
924,ef71afb6-5e51-41df-999b-9e7c7306063a,131.0,62.8571428571,Nan,Nan,35
925,ef82bf7c-dd8b-4bac-85a8-2211376dc3b4,93.0,95.2380952381,Nan,Nan,42
926,efe365d3-a1d8-42dc-a63d-0b4cc6ecfaed,156.0,94.1176470588,Nan,Nan,34
927,eff36e5e-5abb-4f7e-a0aa-64c154c5b28d,112.0,100.0,Nan,Nan,38
928,f032b973-c82b-4080-af44-2363950fbcf7,132.0,98.0,Nan,Nan,50
929,f0a89f78-8366-4a85-8cde-df4bda71f00a,101.0,56.4102564103,67.0,41.02564102564102,39
930,f0fb5510-32d0-4276-9072-5a208b07d4e8,133.0,100.0,Nan,Nan,33
931,f16412c7-6f8a-47f7-a41f-894b4194181b,155.0,94.7368421053,Nan,Nan,38
932,f16627cc-e681-45e7-b82a-b64a60f48f99,150.0,100.0,Nan,Nan,36
933,f171431e-2e3f-4898-a6e3-7062920c4e21,101.0,100.0,Nan,Nan,56
934,f18b8945-9784-417a-bb43-53508b73d612,108.0,85.2941176471,163.0,14.705882352941178,34
935,f1a6a40f-78f5-4918-968d-f64363bae94c,129.0,100.0,Nan,Nan,36
936,f1f88b8a-82a9-4010-bfdb-30b59fe88fc2,123.0,100.0,Nan,Nan,43
937,f28d2ee6-4705-4a28-8bd2-8ce1b16b89a8,126.0,100.0,Nan,Nan,35
938,f2ada1c9-fa39-4d15-aa11-9bd798a885a9,97.0,100.0,Nan,Nan,34
939,f2c2fbbd-a7a9-4cc9-840a-a527cd413528,126.0,96.1538461538,Nan,Nan,52
940,f2cf4090-2f14-419a-91ac-734193f2b5f3,142.0,100.0,Nan,Nan,34
941,f2f99a81-9375-4557-8138-2a0a297f5c85,126.0,85.0,129.0,5.0,60
942,f2fbbc03-7dbd-4bca-8019-500b8d954eb6,149.0,97.0588235294,Nan,Nan,34
943,f30831a3-a9de-41ba-86c8-f1cad625b305,103.0,100.0,Nan,Nan,43
944,f32c1b56-a41a-4d00-9ccf-2f380380b39c,133.0,100.0,Nan,Nan,42
945,f37a8a74-e7e7-4774-8b4b-7640f134b48e,107.0,100.0,Nan,Nan,37
946,f3bba4cd-8018-468b-902e-bc8f029593e5,133.0,97.0588235294,Nan,Nan,34
947,f3fb6ec6-46b2-412d-9ab3-956c1a5cf89f,154.0,74.4186046512,77.0,25.581395348837212,43
948,f401a492-38ed-4117-a294-2cedc7ab5189,110.0,100.0,Nan,Nan,32
949,f41516df-d19b-428f-9948-898a9def3c04,105.0,100.0,Nan,Nan,32
950,f4467064-33eb-41f5-ab22-cdd18f326ba5,128.0,100.0,Nan,Nan,32
951,f455f8c3-5b40-4316-9e1e-cf002ec1a1c5,77.0,82.3529411765,102.0,17.647058823529413,34
952,f5057d26-1aac-47fe-b766-18c5a28927b1,144.0,88.2352941176,72.0,11.76470588235294,34
953,f51ca7d1-5339-4c59-a827-1b651e216812,115.0,100.0,Nan,Nan,41
954,f5267fe1-5cb6-47f7-8df2-e6e8f09fa7ad,99.0,97.2222222222,Nan,Nan,36
955,f5e3a2d9-29c9-4684-bf38-178c4ce76e3c,112.0,100.0,Nan,Nan,33
956,f5f6068d-b660-4be3-a8aa-81c55c16d687,145.0,80.487804878,Nan,Nan,41
957,f61d045e-7ab2-4ece-9184-9a624480080b,99.0,100.0,Nan,Nan,62
958,f67934a9-fdb1-4cdd-8e23-209b220f8a8d,100.0,94.5945945946,93.0,2.7027027027027026,37
959,f691d896-2f00-4124-bb81-34cd24c5c5af,133.0,100.0,Nan,Nan,39
960,f6b0d094-f2c3-476c-b4cc-f354cb377929,115.0,93.1034482759,132.0,5.172413793103448,58
961,f7a79b2f-fc8b-4d15-881b-910ecbe17aa7,145.0,97.8723404255,Nan,Nan,47
962,f7f699a2-ffec-422f-9c9b-b6123e875732,79.0,85.2941176471,134.0,14.705882352941178,34
963,f8032b9f-c85a-4289-a4fb-f21ab3c65921,90.0,98.0392156863,Nan,Nan,51
964,f80f65f4-3d60-4036-82c3-4be412bb3b6c,104.0,100.0,Nan,Nan,38
965,f816fd40-e1e3-4b27-9e95-1bdf264b98e2,127.0,75.5555555556,Nan,Nan,45
966,f874c752-65bc-4d50-ac7e-932243ae9f02,123.0,93.4210526316,0.0,3.9473684210526314,76
967,f8764ab0-996b-40c8-9645-10f47e8c43d0,129.0,100.0,Nan,Nan,34
968,f8f0e1c4-310b-4107-bed2-f4394d37b033,143.0,17.9487179487,136.0,12.82051282051282,39
969,f8f27c10-47d7-40dc-a0a1-49eaba96d8ca,164.0,100.0,Nan,Nan,50
970,f920f155-0864-4e7d-b310-6fe88ddfa8aa,153.0,100.0,Nan,Nan,34
971,f939785e-589f-41b7-b07f-ac97c264dcf5,136.0,96.875,Nan,Nan,32
972,f980fc14-e29b-481d-ad3a-5ed9b4ab6340,90.0,90.625,Nan,Nan,32
973,f9a74bed-c572-43da-8eb5-babc4aee8ffa,117.0,100.0,Nan,Nan,65
974,faaa62b6-0133-4e68-b0f8-5696a83f5323,111.0,100.0,Nan,Nan,41
975,fb073b10-3338-44f6-8324-e6814b2216d0,102.0,100.0,Nan,Nan,38
976,fb81a071-9c63-4e8c-ab60-77403e81c01d,115.0,97.5609756098,Nan,Nan,41
977,fba8c753-8c84-45b4-a896-7e1f4d921fce,122.0,100.0,Nan,Nan,33
978,fbb2d6eb-0a8b-4822-8e86-c5ed40a03fc7,84.0,100.0,Nan,Nan,39
979,fbe83db0-f6ad-472d-8d8b-8baf44a08682,154.0,100.0,Nan,Nan,33
980,fbf3c1c1-b5cf-41a1-8818-ccb3c7e231be,106.0,97.2222222222,Nan,Nan,36
981,fc0e7df8-faa4-4f5e-92f2-bd1c11cd9df0,108.0,96.875,Nan,Nan,32
982,fc336694-71c3-4963-b221-2c0687e26cfb,98.0,44.6808510638,118.0,12.76595744680851,47
983,fc5f3234-18b3-4218-bc73-aad533dfaeb3,132.0,100.0,Nan,Nan,36
984,fc95bdb1-14ba-42fd-ab93-905d81b432b3,142.0,100.0,Nan,Nan,35
985,fd125370-5ac9-45eb-86ad-ab99e258404b,133.0,93.3333333333,Nan,Nan,45
986,fd52bd8b-b07f-45f1-a8f0-2dedaca14d35,153.0,100.0,Nan,Nan,46
987,fd69655e-91e3-42d5-8cb5-27e3a3784067,104.0,97.2972972973,Nan,Nan,37
988,fd715073-25d5-4905-b9cd-9bdbad3e2dcc,155.0,100.0,Nan,Nan,40
989,fd7e918f-d104-4398-b910-7226f4a9fe90,112.0,98.275862069,117.0,1.7241379310344827,58
990,fdab5639-2406-4a1d-a603-620c63fe146b,163.0,89.3617021277,Nan,Nan,47
991,fe074a30-849f-42c8-a53c-90627819665e,144.0,63.6363636364,151.0,33.33333333333333,33
992,fe33d06e-ffd4-4ad9-9474-023ac977d63e,133.0,94.4444444444,71.0,5.555555555555555,36
993,fe5faa4b-3f74-4bdd-b508-5d11e36df7ff,130.0,100.0,Nan,Nan,34
994,fe73fd72-4ab3-468e-acc5-73e5202a3cb9,126.0,97.619047619,Nan,Nan,42
995,fe9a0114-5fb9-452c-a9d7-049c598ac860,81.0,94.4444444444,Nan,Nan,36
996,fee3c7a7-4312-4b77-ac9c-35e31b5a27c8,99.0,95.1219512195,178.0,2.4390243902439024,41
997,ff1e3e1a-f6e8-4692-b426-355880383bb6,172.0,79.4117647059,87.0,20.588235294117645,34
998,ff650e55-0136-4bb5-bbe5-dc429edae5c5,120.0,100.0,Nan,Nan,37
999,ffb680e8-d587-4f37-88b9-2b330fbf5014,163.0,97.1428571429,145.0,2.857142857142857,35
